sample_id,bond_solver_failure_fraction,cartesian_bond_subspace_cosine,bond_cancellation_fraction,atom_clipping_fraction,graph_clip_scale_min
val::Brc1ccc2c(c1)[C@H]1OCC[C@H]1[C@@H](c1cccs1)N2__gen0001,0.0,0.3299296274781227,0.0,0.0,1.0
val::Brc1cccc(-c2nnc3n2CCC3)c1__gen0001,0.0,0.5095611661672592,0.0,0.0,1.0
val::C#CCOCOCC#CCN(CC)CC__gen0001,0.0,0.75755974650383,0.0,0.0,1.0
val::C(=N_Nc1nc2ccccc2[nH]1)\c1ccccc1__gen0000::cartesian_s1_u0.350,0.0,0.3095688149333,0.0,0.0,1.0
val::C(=N_Nc1nc2ccccc2[nH]1)\c1ccccc1__gen0000::cartesian_s2_u0.350,0.0,0.37018078565597534,0.0,0.0,1.0
val::C=CC(=O)O__gen0001::cartesian_s1_u0.350,0.0,-0.35754526406526566,1.0,0.0,1.0
val::C=CC(=O)O__gen0001::cartesian_s2_u0.350,0.0,-0.6426559090614319,1.0,0.0,1.0
val::C=CCCCCCCCCc1nc(=S)[nH][nH]1__gen0001,0.0,0.7542013078927994,0.0,0.0,1.0
val::C=CCNC(=O)c1onc(CSc2cccc3ccccc23)c1C(=O)O__gen0001,0.0,0.3350301757454872,0.0,0.0,1.0
val::C=CCc1ccc(OCC(O)C[NH+]2CCC(Cc3ccccc3)CC2)c(OC)c1__gen0000::cartesian_s1_u0.350,0.0,0.8272451758384705,0.0,0.0,1.0
val::C=CCc1ccc(OCC(O)C[NH+]2CCC(Cc3ccccc3)CC2)c(OC)c1__gen0000::cartesian_s2_u0.350,0.0,0.8288417011499405,0.0,0.0,1.0
val::C=CCc1cccc2cc(C(=O)N3CCN(C(=O)c4ccccc4)CC3)c(=O)oc12__gen0000,0.0,0.6847142279148102,0.0,0.0,1.0
val::C=CCc1ccccc1OCC(O)CN1CC[NH+](c2ccccc2F)CC1__gen0000,0.0,0.7052378058433533,0.0,0.0,1.0
val::C=CCn1c(=N)c(S(=O)(=O)c2ccc(C)c(C)c2)cc2c(=O)n3ccccc3nc21__gen0001::cartesian_s1_u0.350,0.0,0.7257091850042343,0.0,0.0,1.0
val::C=CCn1c(=N)c(S(=O)(=O)c2ccc(C)c(C)c2)cc2c(=O)n3ccccc3nc21__gen0001::cartesian_s2_u0.350,0.0,0.691744789481163,0.0,0.0,1.0
val::C=CCn1c(COc2ccc(CC)cc2)nnc1SC_C(O)=C(\C#N)c1nc2ccccc2[nH]1__gen0001::cartesian_s1_u0.350,0.0,0.44237472116947174,0.0,0.0,1.0
val::C=CCn1c(COc2ccc(CC)cc2)nnc1SC_C(O)=C(\C#N)c1nc2ccccc2[nH]1__gen0001::cartesian_s2_u0.350,0.0,0.4090682864189148,0.0,0.0,1.0
val::C=CCn1c(SCC(=O)NC(N)=O)nnc1-c1cc2c(s1)CCC(CC)C2__gen0000::cartesian_s1_u0.350,0.0,0.4386705234646797,0.0,0.0,1.0
val::C=CCn1c(SCC(=O)NC(N)=O)nnc1-c1cc2c(s1)CCC(CC)C2__gen0000::cartesian_s2_u0.350,0.0,0.5177882388234138,0.0,0.0,1.0
val::CC(=O)N(Cc1ccco1)c1nc(C(=O)Nc2ccc(Cl)cc2)c(C)s1__gen0000::cartesian_s1_u0.350,0.0,0.32321174442768097,0.0,0.0,1.0
val::CC(=O)N(Cc1ccco1)c1nc(C(=O)Nc2ccc(Cl)cc2)c(C)s1__gen0000::cartesian_s2_u0.350,0.0,0.27180808037519455,0.0,0.0,1.0
val::CC(=O)N1c2ccc(S(=O)(=O)N3CCCC3C(=O)Nc3cccc(F)c3)cc2CC1C__gen0000,0.0,0.7297748029232025,0.0,0.0,1.0
val::CC(=O)NC(CC(N)=O)C(=O)NCC#CBr__gen0000,0.0,0.7049455344676971,0.0,0.0,1.0
val::CC(=O)NC(Cc1ccc(F)cc1)C(=O)NC1CCN(C(=O)Nc2ccc(F)cc2)CC1__gen0000::cartesian_s1_u0.350,0.0,0.7955009937286377,0.0,0.0,1.0
val::CC(=O)NC(Cc1ccc(F)cc1)C(=O)NC1CCN(C(=O)Nc2ccc(F)cc2)CC1__gen0000::cartesian_s2_u0.350,0.0,0.8539458811283112,0.0,0.0,1.0
val::CC(=O)NC(N)=O__gen0000,0.0,0.9149518609046936,0.0,0.0,1.0
val::CC(=O)NS(=O)(=O)c1ccc(NC(=O)c2cc(-c3ccc(C)c(C)c3)nc3ccccc23)cc1__gen0001::cartesian_s1_u0.350,0.0,0.800003245472908,0.0,0.0,1.0
val::CC(=O)NS(=O)(=O)c1ccc(NC(=O)c2cc(-c3ccc(C)c(C)c3)nc3ccccc23)cc1__gen0001::cartesian_s2_u0.350,0.0,0.7806517779827118,0.0,0.0,1.0
val::CC(=O)Nc1ccc(NC(=O)C2CCCN2C(=O)NCc2ccccc2)cc1__gen0000,0.0,0.7184316068887711,0.0,0.0,1.0
val::CC(=O)Nc1ccc(NC(=O)C2CCN(c3ccc(C(F)(F)F)cn3)CC2)cc1__gen0000::cartesian_s1_u0.350,0.0,0.6746897399425507,0.0,0.0,1.0
val::CC(=O)Nc1ccc(NC(=O)C2CCN(c3ccc(C(F)(F)F)cn3)CC2)cc1__gen0000::cartesian_s2_u0.350,0.0,0.7536637187004089,0.0,0.0,1.0
val::CC(=O)Nc1ccc(NC(=O)CSc2ccc3nnc(CCNS(=O)(=O)c4ccc(C)cc4)n3n2)cc1__gen0001,0.0,0.61777263879776,0.0,0.0,1.0
val::CC(=O)c1ccc(OC(=O)C(CCS(C)(=O)=O)N2C(=O)c3ccccc3C2=O)cc1__gen0000,0.0,0.8213833719491959,0.0,0.0,1.0
val::CC(=O)c1ccc(OC(F)F)cc1__gen0001,0.0,0.8088442832231522,0.0,0.0,1.0
val::CC(=O)c1ccc(OCC(O)C[NH+]2CCN(c3ccccn3)CC2)cc1__gen0001,0.0,0.6935561746358871,0.0,0.0,1.0
val::CC(=O)c1cccc(NC(=O)COC(=O)COc2ccccc2C)c1__gen0000::cartesian_s1_u0.350,0.0,0.791776716709137,0.0,0.0,1.0
val::CC(=O)c1cccc(NC(=O)COC(=O)COc2ccccc2C)c1__gen0000::cartesian_s2_u0.350,0.0,0.8385327458381653,0.0,0.0,1.0
val::CC(=O)c1sc(-c2ccc(F)cc2)cc1NS(=O)(=O)c1ccc(C)cc1__gen0001,0.0,0.5721003860235214,0.0,0.0,1.0
val::CC(=O)c1sc(NCc2ccccc2)nc1C__gen0001,0.0,0.5510369390249252,0.0,0.0,1.0
val::CC(C)(C)C1CCc2c(sc(NC(=O)C3CCCO3)c2C(N)=O)C1__gen0000,0.0,0.6275030821561813,0.0,0.0,1.0
val::CC(C)(C)NC(=O)C(c1cccs1)N(Cc1ccc(F)cc1)C(=O)c1csnn1__gen0000,0.0,0.4779939651489258,0.0,0.0,1.0
val::CC(C)(C)[NH2+]C[C@H](O)COc1ccccc1C1CCCC1__gen0000::cartesian_s1_u0.350,0.0,0.8657838255167007,0.0,0.0,1.0
val::CC(C)(C)[NH2+]C[C@H](O)COc1ccccc1C1CCCC1__gen0000::cartesian_s2_u0.350,0.0,0.8910378366708755,0.0,0.0,1.0
val::CC(C)C(=O)Nc1cccc2nsnc12__gen0001::cartesian_s1_u0.350,0.0,0.5417973399162292,0.0,0.0,1.0
val::CC(C)C(=O)Nc1cccc2nsnc12__gen0001::cartesian_s2_u0.350,0.0,0.36624717712402344,0.0,0.0,1.0
val::CC(C)C(C(=O)NCc1ccco1)N(CC1CCCO1)C(=O)CNS(=O)(=O)c1ccccc1__gen0000,0.0,0.6524848937988281,0.0,0.0,1.0
val::CC(C)C(NC(=O)OCc1ccccc1)C(=O)OCC(=O)N1C(C)CCCC1C__gen0001,0.0,0.8041635006666183,0.0,0.0,1.0
val::CC(C)CC(=O)c1c[nH]c(C(=O)NCc2cccnc2)c1__gen0001::cartesian_s1_u0.350,0.0,0.7644842714071274,0.0,0.0,1.0
val::CC(C)CC(=O)c1c[nH]c(C(=O)NCc2cccnc2)c1__gen0001::cartesian_s2_u0.350,0.0,0.7561222016811371,0.0,0.0,1.0
val::CC(C)CC(NC(=O)C1CCC(C)CC1)C(=O)Nc1ccccc1F__gen0001::cartesian_s1_u0.350,0.0,0.9032324403524399,0.0,0.0,1.0
val::CC(C)CC(NC(=O)C1CCC(C)CC1)C(=O)Nc1ccccc1F__gen0001::cartesian_s2_u0.350,0.0,0.9103247970342636,0.0,0.0,1.0
val::CC(C)CC1=C_C(=C_c2ccc(-c3ccccc3)o2)C(=O)O1__gen0000,0.0,0.597139835357666,0.0,0.0,1.0
val::CC(C)N(C(=S)Nc1cccc(S(=O)(=O)N(C)C)c1)c1ccccc1__gen0000,0.0,0.75575852394104,0.0,0.0,1.0
val::CC(C)N1CC(C(=O)Nc2ccccc2)CC1=O__gen0000,0.0,0.8146736770868301,0.0,0.0,1.0
val::CC(C)N1C_C(=C_c2ccsc2)C(=O)_C(=C_c2ccsc2)C1__gen0001,0.0,0.3326387405395508,0.0,0.0,1.0
val::CC(C)NC(=O)NCCCCCCS(C)=O__gen0001,0.0,0.6877571046352386,0.0,0.0,1.0
val::CC(C)[C@H](NC(=O)C1CCN(S(=O)(=O)c2ccc(F)cc2)CC1)C(=O)NCc1ccncc1__gen0001,0.0,0.7466292828321457,0.0,0.0,1.0
val::CC(C)c1ccc(N(CC(=O)NCc2ccco2)C(=O)CCC(=O)Nc2nccs2)cc1__gen0001,0.0,0.5447973906993866,0.0,0.0,1.0
val::CC(C)c1ccc(NC2CCCN(C(=O)c3ccco3)C2)cc1__gen0001,0.0,0.6977617144584656,0.0,0.0,1.0
val::CC(C)c1ccc(NCCC(=O)c2ccc(Br)cc2)cc1__gen0000,0.0,0.8002225309610367,0.0,0.0,1.0
val::CC(C)c1nn2c(=O)cc(CSc3ccccc3NC(=O)c3ccccc3F)nc2s1__gen0001,0.0,0.5062451213598251,0.0,0.0,1.0
val::CC(C)n1c(-c2ccco2)csc1=Nc1cccnc1__gen0000,0.0,0.39829784631729126,0.0,0.0,1.0
val::CC(C)n1c(=O)c(C=Nc2cccc([N+](=O)[O-])c2)c(O)n(CCc2ccccc2)c1=O__gen0000::cartesian_s1_u0.350,0.0,0.8606375455856323,0.0,0.0,1.0
val::CC(C)n1c(=O)c(C=Nc2cccc([N+](=O)[O-])c2)c(O)n(CCc2ccccc2)c1=O__gen0000::cartesian_s2_u0.350,0.0,0.8396939486265182,0.0,0.0,1.0
val::CC(C)n1c(O)c(N=Nc2ccc(Cl)c(C(=O)O)c2)c2ccccc21__gen0001,0.0,0.7263916879892349,0.0,0.0,1.0
val::CC(CCc1ccccc1)NS(=O)(=O)c1ccccc1Cl__gen0001::cartesian_s1_u0.350,0.0,0.7645586878061295,0.0,0.0,1.0
val::CC(CCc1ccccc1)NS(=O)(=O)c1ccccc1Cl__gen0001::cartesian_s2_u0.350,0.0,0.8307299315929413,0.0,0.0,1.0
val::CC(C[NH+]1CCCC1)OC(=O)c1ccccc1Cl__gen0000::cartesian_s1_u0.350,0.0,0.7836145758628845,0.0,0.0,1.0
val::CC(C[NH+]1CCCC1)OC(=O)c1ccccc1Cl__gen0000::cartesian_s2_u0.350,0.0,0.7873833626508713,0.0,0.0,1.0
val::CC(NCc1ccccc1)C1COc2ccccc2O1__gen0001::cartesian_s1_u0.350,0.0,0.5954441577196121,0.0,0.0,1.0
val::CC(NCc1ccccc1)C1COc2ccccc2O1__gen0001::cartesian_s2_u0.350,0.0,0.6306326985359192,0.0,0.0,1.0
val::CC(Oc1ccc(F)cc1F)C(=O)NNC(=S)NCC1CCCO1__gen0001::cartesian_s1_u0.350,0.0,0.611192524433136,0.0,0.0,1.0
val::CC(Oc1ccc(F)cc1F)C(=O)NNC(=S)NCC1CCCO1__gen0001::cartesian_s2_u0.350,0.0,0.7202928364276886,0.0,0.0,1.0
val::CC(SC(=S)N(C)Cc1cccs1)C(=O)O__gen0000,0.0,0.4289620444178581,0.0,0.0,1.0
val::CC1(C)C(=O)C2(CCCC2)C(=O)OC1c1ccco1__gen0000::cartesian_s1_u0.350,0.0,0.6543979644775391,0.0,0.0,1.0
val::CC1(C)C(=O)C2(CCCC2)C(=O)OC1c1ccco1__gen0000::cartesian_s2_u0.350,0.0,0.695893332362175,0.0,0.0,1.0
val::CC1(C)CC(=O)C(C(=O)_C=C_NCCc2ccccc2)C(=O)C1__gen0000::cartesian_s1_u0.350,0.0,0.8672311902046204,0.0,0.0,1.0
val::CC1(C)CC(=O)C(C(=O)_C=C_NCCc2ccccc2)C(=O)C1__gen0000::cartesian_s2_u0.350,0.0,0.8917773962020874,0.0,0.0,1.0
val::CC1(C)CC(=O)C2=C(C1)NC(=O)NC2c1ccccc1__gen0000,0.0,0.8585069328546524,0.0,0.0,1.0
val::CC1(C)CC(=O)C=C(NC2=CC3OC(c4ccccc4)OCC3OC2=O)C1__gen0001,0.0,0.6941464096307755,0.0,0.0,1.0
val::CC1(C)Cc2c(cnn2-c2ccccc2)C(NC(=O)C2(C(N)=O)CC2)C1__gen0000::cartesian_s1_u0.350,0.0,0.5135751888155937,0.0,0.0,1.0
val::CC1(C)Cc2c(cnn2-c2ccccc2)C(NC(=O)C2(C(N)=O)CC2)C1__gen0000::cartesian_s2_u0.350,0.0,0.587884932756424,0.0,0.0,1.0
val::CC1CC(C)CN(C(=O)CSC2=Nc3ccccc3C3=NC(Cc4c[nH]c5ccccc45)C(=O)N23)C1__gen0000,0.0,0.6281980276107788,0.0,0.0,1.0
val::CC1CC(c2ccccc2)n2nc(NC(=O)c3ccco3)nc2N1__gen0001::cartesian_s1_u0.350,0.0,0.4350350350141525,0.0,0.0,1.0
val::CC1CC(c2ccccc2)n2nc(NC(=O)c3ccco3)nc2N1__gen0001::cartesian_s2_u0.350,0.0,0.4810127019882202,0.0,0.0,1.0
val::CC1CCC(C(C)C)C(OC(=O)C[N+](C)(C)CCCCCCCCCC[N+](C)(C)CC(=O)OC2CC(C)CCC2C(C)C)C1__gen0000::cartesian_s1_u0.350,0.0,0.8872231543064117,0.0,0.0,1.0
val::CC1CCC(C(C)C)C(OC(=O)C[N+](C)(C)CCCCCCCCCC[N+](C)(C)CC(=O)OC2CC(C)CCC2C(C)C)C1__gen0000::cartesian_s2_u0.350,0.0,0.784561812877655,0.0,0.0,1.0
val::CC1CCCCC1NC(=O)COC(=O)c1ccc(S(=O)(=O)N2CCOCC2)cc1__gen0001::cartesian_s1_u0.350,0.0,0.7686502635478973,0.0,0.0,1.0
val::CC1CCCCC1NC(=O)COC(=O)c1ccc(S(=O)(=O)N2CCOCC2)cc1__gen0001::cartesian_s2_u0.350,0.0,0.7509829252958298,0.0,0.0,1.0
val::CC1CCCCN1Cc1c(O)ccc2c(=O)c(-c3nc4ccccc4s3)c(N)oc12__gen0001::cartesian_s1_u0.350,0.0,0.5047295168042183,0.0,0.0,1.0
val::CC1CCCCN1Cc1c(O)ccc2c(=O)c(-c3nc4ccccc4s3)c(N)oc12__gen0001::cartesian_s2_u0.350,0.0,0.4735398292541504,0.0,0.0,1.0
val::CC1CCCN(C(=O)C2CCCN(S(=O)(=O)c3cccc4nsnc34)C2)C1__gen0000,0.0,0.5550500005483627,0.0,0.0,1.0
val::CC1CCN(CC(O)COc2cccc(F)c2)CC1__gen0001,0.0,0.7231797724962234,0.0,0.0,1.0
val::CC1CN(C(=O)CCC(=O)NCc2ccccc2)c2ccccc2O1__gen0001,0.0,0.7511078864336014,0.0,0.0,1.0
val::CCC(=O)Nc1cccc(-c2cc3ccccc3oc2=O)c1__gen0000,0.0,0.6922068148851395,0.0,0.0,1.0
val::CCC(=O)Nc1cccc2cccnc12__gen0000,0.0,0.7305472195148468,0.0,0.0,1.0
val::CCC(=O)Nc1cnc(NC(=O)c2cccc(F)c2)cc1C__gen0001::cartesian_s1_u0.350,0.0,0.7791140973567963,0.0,0.0,1.0
val::CCC(=O)Nc1cnc(NC(=O)c2cccc(F)c2)cc1C__gen0001::cartesian_s2_u0.350,0.0,0.778434082865715,0.0,0.0,1.0
val::CCC(=O)c1ccc(OCC(O)CNC(C)c2ccccc2)cc1__gen0001,0.0,0.7456154674291611,0.0,0.0,1.0
val::CCC(C(=O)O)c1ccc(N2Cc3ccccc3C2=O)cc1__gen0000::cartesian_s1_u0.350,0.0,0.7008957117795944,0.0,0.0,1.0
val::CCC(C(=O)O)c1ccc(N2Cc3ccccc3C2=O)cc1__gen0000::cartesian_s2_u0.350,0.0,0.7864151895046234,0.0,0.0,1.0
val::CCC(C)N1CCC(Oc2ccc(C(=O)NCc3ccccn3)cc2)CC1__gen0001,0.0,0.7679572850465775,0.0,0.0,1.0
val::CCC1(C)Cc2c(c(=O)n(-c3ccccc3)c3ncnc(N)c23)CO1__gen0000,0.0,0.731465294957161,0.0,0.0,1.0
val::CCC1CCCCN1C(=O)CSc1nc(C)cc(C)n1__gen0000,0.0,0.7374167442321777,0.0,0.0,1.0
val::CCCCC(=O)NCCNc1nc2c(c(=O)n(C)c(=O)n2C)n1Cc1ccccc1__gen0000::cartesian_s1_u0.350,0.0,0.8246056437492371,0.0,0.0,1.0
val::CCCCC(=O)NCCNc1nc2c(c(=O)n(C)c(=O)n2C)n1Cc1ccccc1__gen0000::cartesian_s2_u0.350,0.0,0.8533058315515518,0.0,0.0,1.0
val::CCCCC(=O)NS(=O)(=O)c1ccc(N=NN2CCOCC2)cc1__gen0001,0.0,0.7133501172065735,0.0,0.0,1.0
val::CCCCC(=O)Nc1cccc(NC(=O)c2cccc(Br)c2)c1__gen0000,0.0,0.7243703752756119,0.0,0.0,1.0
val::CCCCCC(=O)O[C@]1(C(C)=O)CC[C@H]2[C@@H]3CCC4=CC(=O)CC[C@]4(C)[C@H]3CC[C@@]21C__gen0000,0.0,0.8433467745780945,0.0,0.0,1.0
val::CCCCCCCC(=O)Nc1cc(C(=O)NCc2ccc(C)cc2)ccc1N1CCC2(CC1)CC(c1ccccc1)=NO2__gen0000,0.0,0.7164582461118698,0.0,0.0,1.0
val::CCCCCCCCCCCCCCCC(O)C(N)CO__gen0000::cartesian_s1_u0.350,0.0,0.8326068073511124,0.0,0.0,1.0
val::CCCCCCCCCCCCCCCC(O)C(N)CO__gen0000::cartesian_s2_u0.350,0.0,0.8261993378400803,0.0,0.0,1.0
val::CCCCN1CCc2c(c3ccccc3n2Cc2ccccc2)C1__gen0000,0.0,0.7585398256778717,0.0,0.0,1.0
val::CCCCNC(=O)N1CCCC(N(C)CCc2ccc(OC)c(OC)c2)C1__gen0000,0.0,0.8115666061639786,0.0,0.0,1.0
val::CCCCNC(=O)Oc1cccc(N2CCCC2=O)c1__gen0000::cartesian_s1_u0.350,0.0,0.7794025838375092,0.0,0.0,1.0
val::CCCCNC(=O)Oc1cccc(N2CCCC2=O)c1__gen0000::cartesian_s2_u0.350,0.0,0.8261432945728302,0.0,0.0,1.0
val::CCCCOC(=O)_C=C\C(=O)NC(N)=O__gen0000,0.0,0.7976640909910202,0.0,0.0,1.0
val::CCCCc1ccc(Nc2ncnc3nc[nH]c23)cc1__gen0000::cartesian_s1_u0.350,0.0,0.5926649272441864,0.0,0.0,1.0
val::CCCCc1ccc(Nc2ncnc3nc[nH]c23)cc1__gen0000::cartesian_s2_u0.350,0.0,0.5800998210906982,0.0,0.0,1.0
val::CCCN1C(=O)_C(=C\c2ccncc2)SC1=Nc1ccccc1__gen0000::cartesian_s1_u0.350,0.0,0.42501208186149597,0.0,0.0,1.0
val::CCCN1C(=O)_C(=C\c2ccncc2)SC1=Nc1ccccc1__gen0000::cartesian_s2_u0.350,0.0,0.4401745870709419,0.0,0.0,1.0
val::CCCN1C(=O)_C(=C_c2c(NCCCOCC)nc3c(C)cccn3c2=O)SC1=S__gen0000,0.0,0.6901224553585052,0.0,0.0,1.0
val::CCCN1C(=O)c2cc(C(=O)Nc3ccc(OC)c(OC)c3)ccc2C1Nc1ccc(OC)c(OC)c1__gen0001::cartesian_s1_u0.350,0.0,0.7990497797727585,0.0,0.0,1.0
val::CCCN1C(=O)c2cc(C(=O)Nc3ccc(OC)c(OC)c3)ccc2C1Nc1ccc(OC)c(OC)c1__gen0001::cartesian_s2_u0.350,0.0,0.761455163359642,0.0,0.0,1.0
val::CCCNC(=O)[C@H](C)NC(=O)c1ccc(Br)cc1__gen0000,0.0,0.7932220250368118,0.0,0.0,1.0
val::CCCNS(=O)(=O)c1ccc(OCC(=O)NCCCOC)cc1__gen0001::cartesian_s1_u0.350,0.0,0.7999186366796494,0.0,0.0,1.0
val::CCCNS(=O)(=O)c1ccc(OCC(=O)NCCCOC)cc1__gen0001::cartesian_s2_u0.350,0.0,0.7366669923067093,0.0,0.0,1.0
val::CCCOc1ccc(C(=O)NCc2cccnc2)cc1__gen0000,0.0,0.7050275206565857,0.0,0.0,1.0
val::CCCOc1ccc(N)cc1[NH3+]__gen0000::cartesian_s1_u0.350,0.0,0.84928297996521,0.0,0.0,1.0
val::CCCOc1ccc(N)cc1[NH3+]__gen0000::cartesian_s2_u0.350,0.0,0.8227919340133667,0.0,0.0,1.0
val::CCCc1cc(=O)oc2c(C)c(OCC(=O)N3CCC(C(N)=O)CC3)ccc12__gen0000,0.0,0.8192884027957916,0.0,0.0,1.0
val::CCCc1ccc(-c2csc(NC(=O)Cc3cccs3)n2)cc1__gen0000::cartesian_s1_u0.350,0.0,0.3427288606762886,0.0,0.0,1.0
val::CCCc1ccc(-c2csc(NC(=O)Cc3cccs3)n2)cc1__gen0000::cartesian_s2_u0.350,0.0,0.43139661848545074,0.0,0.0,1.0
val::CCCc1nc2ccccc2c(C(=O)OCC(=O)Nc2c(C)n(C)n(-c3ccccc3)c2=O)c1CC__gen0000,0.0,0.785797968506813,0.0,0.0,1.0
val::CCCn1nnc(NC(=O)c2ccc(-c3ccccc3)cc2)n1__gen0000::cartesian_s1_u0.350,0.0,0.48164597898721695,0.0,0.0,1.0
val::CCCn1nnc(NC(=O)c2ccc(-c3ccccc3)cc2)n1__gen0000::cartesian_s2_u0.350,0.0,0.6136072278022766,0.0,0.0,1.0
val::CCN(C(=O)c1c(-c2ccccc2)noc1C)c1ccccc1__gen0000,0.0,0.6073100864887238,0.0,0.0,1.0
val::CCN(C(=S)Nc1cc(S(=O)(=O)N2CCOCC2)ccc1Cl)c1cccc2ccccc12__gen0001,0.0,0.6071159690618515,0.0,0.0,1.0
val::CCN(CC(=O)NC(C)(C)C)C(=O)CCl__gen0000,0.0,0.8428344577550888,0.0,0.0,1.0
val::CCN(CC)C(=O)CSc1nc2ccccc2n1CC(=O)N1CCN(c2ccccc2OC)CC1__gen0001::cartesian_s1_u0.350,0.0,0.6661553978919983,0.0,0.0,1.0
val::CCN(CC)C(=O)CSc1nc2ccccc2n1CC(=O)N1CCN(c2ccccc2OC)CC1__gen0001::cartesian_s2_u0.350,0.0,0.7546701729297638,0.0,0.0,1.0
val::CCN(CCn1cccn1)C(=O)CCc1nnc(C2CCCCC2)o1__gen0001::cartesian_s1_u0.350,0.0,0.6843325197696686,0.0,0.0,1.0
val::CCN(CCn1cccn1)C(=O)CCc1nnc(C2CCCCC2)o1__gen0001::cartesian_s2_u0.350,0.0,0.6349086463451385,0.0,0.0,1.0
val::CCN(Cc1nc2ccccc2c(=O)[nH]1)Cc1cc(=O)oc2cc(C)c(C)cc12__gen0001::cartesian_s1_u0.350,0.0,0.7910071611404419,0.0,0.0,1.0
val::CCN(Cc1nc2ccccc2c(=O)[nH]1)Cc1cc(=O)oc2cc(C)c(C)cc12__gen0001::cartesian_s2_u0.350,0.0,0.7926215529441833,0.0,0.0,1.0
val::CCN1C(=O)_C(=C\c2cn(-c3ccccc3)nc2-c2cccnc2)SC1=S__gen0001::cartesian_s1_u0.350,0.0,0.3370632082223892,0.0,0.0,1.0
val::CCN1C(=O)_C(=C\c2cn(-c3ccccc3)nc2-c2cccnc2)SC1=S__gen0001::cartesian_s2_u0.350,0.0,0.36460400372743607,0.0,0.0,1.0
val::CCN1C(=O)_C(=C_C=C2_Sc3ccccc3N2CCO)SC1=S__gen0001::cartesian_s1_u0.350,0.0,0.3598799929022789,0.0,0.0,1.0
val::CCN1C(=O)_C(=C_C=C2_Sc3ccccc3N2CCO)SC1=S__gen0001::cartesian_s2_u0.350,0.0,0.1874268613755703,0.0,0.0,1.0
val::CCN1C2=NCCC[NH+]2c2ccccc21__gen0000::cartesian_s1_u0.350,0.0,0.7772006392478943,0.0,0.0,1.0
val::CCN1C2=NCCC[NH+]2c2ccccc21__gen0000::cartesian_s2_u0.350,0.0,0.7373260408639908,0.0,0.0,1.0
val::CCNC(=O)CC[C@H](N)C(=O)O__gen0000,0.0,0.7630616277456284,0.0,0.0,1.0
val::CCOC(=O)C1(Cc2ccc(OC)cc2)CCN(C(=O)CCc2cccnc2)CC1__gen0001,0.0,0.7498614937067032,0.0,0.0,1.0
val::CCOC(=O)C1=C(O)CSC1=Nc1cccc(Cl)c1__gen0001,0.0,0.3919305130839348,0.0,0.0,1.0
val::CCOC(=O)C1CCN(_C=C2_C(=O)NC(=O)N(Cc3ccco3)C2=O)CC1__gen0000,0.0,0.6285302340984344,0.0,0.0,1.0
val::CCOC(=O)CNS(=O)(=O)c1cc(-c2nn(C)c(=O)c3ccccc23)ccc1C__gen0000,0.0,0.770857572555542,0.0,0.0,1.0
val::CCOC(=O)CNc1nc(Cl)nc(Nc2ccc(C)cc2)n1__gen0000,0.0,0.6985330581665039,0.0,0.0,1.0
val::CCOC(=O)CSc1ccc2nnc(-c3ccncc3)n2n1__gen0001,0.0,0.4298803508281708,0.0,0.0,1.0
val::CCOC(=O)CSc1nc2sc3c(c2c(=O)n1-c1ccccc1)CCN(C(C)C)C3__gen0000,0.0,0.5941102504730225,0.0,0.0,1.0
val::CCOC(=O)Cn1c(CN2CCN(C(=O)c3ccco3)CC2)nc2c1c(=O)n(C)c(=O)n2C__gen0000,0.0,0.6735715568065643,0.0,0.0,1.0
val::CCOC(=O)N1CCN(C(=O)CCc2c(C)nc3c(c(C)nn3-c3ccc(C)c(C)c3)c2C)CC1__gen0001,0.0,0.8005967885255814,0.0,0.0,1.0
val::CCOC(=O)N1CCN(C(=O)c2ccc3nc(N4CCCCC4)sc3c2)CC1__gen0000::cartesian_s1_u0.350,0.0,0.5125725865364075,0.0,0.0,1.0
val::CCOC(=O)N1CCN(C(=O)c2ccc3nc(N4CCCCC4)sc3c2)CC1__gen0000::cartesian_s2_u0.350,0.0,0.4492502585053444,0.0,0.0,1.0
val::CCOC(=O)Nc1ccc2c(c1)N(C(=O)C[NH+]1CCN(C)CC1)c1ccccc1CC2__gen0000,0.0,0.7701330184936523,0.0,0.0,1.0
val::CCOC(=O)c1[nH]c2ccc(OC)cc2c1NC(=O)CN1CCN(c2ccccn2)CC1__gen0001,0.0,0.6755133718252182,0.0,0.0,1.0
val::CCOC(=O)c1c(C)[nH]c(C)c1S(=O)(=O)N(C)CC(=O)Nc1ccc(C(C)=O)cc1__gen0001::cartesian_s1_u0.350,0.0,0.7726344168186188,0.0,0.0,1.0
val::CCOC(=O)c1c(C)[nH]c(C)c1S(=O)(=O)N(C)CC(=O)Nc1ccc(C(C)=O)cc1__gen0001::cartesian_s2_u0.350,0.0,0.8080882728099823,0.0,0.0,1.0
val::CCOC(=O)c1c[nH]c2nc(C)ccc2c1=O__gen0000::cartesian_s1_u0.350,0.0,0.7377119064331055,0.0,0.0,1.0
val::CCOC(=O)c1c[nH]c2nc(C)ccc2c1=O__gen0000::cartesian_s2_u0.350,0.0,0.6916401535272598,0.0,0.0,1.0
val::CCOC(=O)c1ccc(COc2ccc(C(C)C)cc2)o1__gen0000,0.0,0.7185005098581314,0.0,0.0,1.0
val::CCOC(=O)c1cnn(-c2nc(OCC)cc(OCC)n2)c1C__gen0001::cartesian_s1_u0.350,0.0,0.594232052564621,0.0,0.0,1.0
val::CCOC(=O)c1cnn(-c2nc(OCC)cc(OCC)n2)c1C__gen0001::cartesian_s2_u0.350,0.0,0.4161417782306671,0.0,0.0,1.0
val::CCOC(=O)c1nnn(CC(=O)N2N=C(c3ccc(Cl)cc3)CC2c2ccccc2)c1C(=O)OCC__gen0000,0.0,0.5673240721225739,0.0,0.0,1.0
val::CCOCCCn1c(=N)c(C(=O)Nc2cc(C)on2)cc2c(=O)n3ccccc3nc21__gen0000,0.0,0.6327277570962906,0.0,0.0,1.0
val::CCO[C@@H]1OC(C(=O)Nc2ccccc2)=C[C@H](c2ccccc2)[C@H]1CCCO__gen0000::cartesian_s1_u0.350,0.0,0.7127591818571091,0.0,0.0,1.0
val::CCO[C@@H]1OC(C(=O)Nc2ccccc2)=C[C@H](c2ccccc2)[C@H]1CCCO__gen0000::cartesian_s2_u0.350,0.0,0.6100104004144669,0.0,0.0,1.0
val::CCOc1cc(CNc2ccc(N3CCCC3)cc2)cc(Cl)c1OC__gen0001,0.0,0.7421941757202148,0.0,0.0,1.0
val::CCOc1cc(_C=C2_C(=N)N3OC(C)=CC3=NC2=O)ccc1OC(=O)c1ccco1__gen0001,0.0,0.3943306431174278,0.0,0.0,1.0
val::CCOc1cc(_C=N_n2cnnc2)ccc1OS(=O)(=O)c1ccccc1__gen0001,0.0,0.4996432438492775,0.0,0.0,1.0
val::CCOc1ccc(-c2csc(NC(=O)CSCC(=O)O)n2)c2ccccc12__gen0000,0.0,0.36613929271698,0.0,0.0,1.0
val::CCOc1ccc(-c2noc(CCC(=O)NC)n2)cc1OCC__gen0000::cartesian_s1_u0.350,0.0,0.6146909892559052,0.0,0.0,1.0
val::CCOc1ccc(-c2noc(CCC(=O)NC)n2)cc1OCC__gen0000::cartesian_s2_u0.350,0.0,0.5427539944648743,0.0,0.0,1.0
val::CCOc1ccc(-n2c(SCC(=O)Nc3ccc(OC)cc3)nc3c(c2=O)SCC3)cc1__gen0000,0.0,0.5176481902599335,0.0,0.0,1.0
val::CCOc1ccc(C2C3=C(CCCC3=O)N(CC(=O)O)C3=C2C(=O)CCC3)cc1__gen0001::cartesian_s1_u0.350,0.0,0.8221009969711304,0.0,0.0,1.0
val::CCOc1ccc(C2C3=C(CCCC3=O)N(CC(=O)O)C3=C2C(=O)CCC3)cc1__gen0001::cartesian_s2_u0.350,0.0,0.8160699009895325,0.0,0.0,1.0
val::CCOc1ccc(CCNC(=O)Cc2nn[nH]n2)cc1OCC__gen0001::cartesian_s1_u0.350,0.0,0.59248486161232,0.0,0.0,1.0
val::CCOc1ccc(CCNC(=O)Cc2nn[nH]n2)cc1OCC__gen0001::cartesian_s2_u0.350,0.0,0.743138313293457,0.0,0.0,1.0
val::CCOc1ccc(CNC(=O)C2CCN(S(=O)(=O)N3CCCC3)CC2)cc1OC__gen0001::cartesian_s1_u0.350,0.0,0.7688829451799393,0.0,0.0,1.0
val::CCOc1ccc(CNC(=O)C2CCN(S(=O)(=O)N3CCCC3)CC2)cc1OC__gen0001::cartesian_s2_u0.350,0.0,0.807088777422905,0.0,0.0,1.0
val::CCOc1ccc(CNc2ccc(N3CCCC3)cc2)cc1__gen0000::cartesian_s1_u0.350,0.0,0.7280092090368271,0.0,0.0,1.0
val::CCOc1ccc(CNc2ccc(N3CCCC3)cc2)cc1__gen0000::cartesian_s2_u0.350,0.0,0.7890877276659012,0.0,0.0,1.0
val::CCOc1ccc(Cn2nnc(C(=O)Nc3cc(C)cc(C)c3)c2N)cc1__gen0001::cartesian_s1_u0.350,0.0,0.6917064040899277,0.0,0.0,1.0
val::CCOc1ccc(Cn2nnc(C(=O)Nc3cc(C)cc(C)c3)c2N)cc1__gen0001::cartesian_s2_u0.350,0.0,0.7434504479169846,0.0,0.0,1.0
val::CCOc1ccc(NC(=O)C2CCCN2C(=O)Oc2ccccc2)cc1__gen0001::cartesian_s1_u0.350,0.0,0.6787446737289429,0.0,0.0,1.0
val::CCOc1ccc(NC(=O)C2CCCN2C(=O)Oc2ccccc2)cc1__gen0001::cartesian_s2_u0.350,0.0,0.7598816901445389,0.0,0.0,1.0
val::CCOc1ccc(NC(=O)Nc2cccn(Cc3ccccc3)c2=O)cc1__gen0000,0.0,0.7222129702568054,0.0,0.0,1.0
val::CCOc1ccccc1NC(=S)NCCCn1ccnc1__gen0001,0.0,0.6021286696195602,0.0,0.0,1.0
val::CCSc1nnc2c(n1)OC(c1ccc(C(=O)O)cc1)N(C(C)=O)c1ccccc1-2__gen0001,0.0,0.49651452898979187,0.0,0.0,1.0
val::CCc1ccc(C(=O)COC(=O)c2cccnc2Cl)cc1__gen0001::cartesian_s1_u0.350,0.0,0.6829478293657303,0.0,0.0,1.0
val::CCc1ccc(C(=O)COC(=O)c2cccnc2Cl)cc1__gen0001::cartesian_s2_u0.350,0.0,0.7039214968681335,0.0,0.0,1.0
val::CCc1ccc(C(C)NC(=O)c2ccc3c(c2)OCO3)cc1__gen0001,0.0,0.7177747189998627,0.0,0.0,1.0
val::CCc1ccc(CNC(=O)C2CCC(=O)N(CCc3ccc(Cl)cc3)C2)nc1__gen0000,0.0,0.8063173890113831,0.0,0.0,1.0
val::CCc1ccc(NC(=O)Cn2nc(C)c([N+](=O)[O-])c2C)cc1__gen0000::cartesian_s1_u0.350,0.0,0.7277113944292068,0.0,0.0,1.0
val::CCc1ccc(NC(=O)Cn2nc(C)c([N+](=O)[O-])c2C)cc1__gen0000::cartesian_s2_u0.350,0.0,0.7141779810190201,0.0,0.0,1.0
val::CCc1ccc(NC(=O)N(CCCN2CCOCC2)Cc2cccs2)cc1__gen0001,0.0,0.536380261182785,0.0,0.0,1.0
val::CCc1ccc2oc(-c3cc(N=Cc4cccc(OC)c4O)ccc3O)nc2c1__gen0000,0.0,0.6249996423721313,0.0,0.0,1.0
val::CCn1c(-c2ccco2)n[nH]c1=S__gen0000,0.0,0.474235363304615,0.0,0.0,1.0
val::CCn1c(=O)c2c(nc(SCC(=O)N3CCCC(C)C3)n2C)n(C)c1=O__gen0001,0.0,0.7739278078079224,0.0,0.0,1.0
val::CCn1c(C)nc2cc(C(=O)NNS(=O)(=O)c3c(F)cc(F)c(Cl)c3F)ccc21__gen0000,0.0,0.7075104117393494,0.0,0.0,1.0
val::CCn1c(SCC(=O)N(C)C2CCS(=O)(=O)C2)nnc1-c1cccs1__gen0001::cartesian_s1_u0.350,0.0,0.4152955189347267,0.0,0.0,1.0
val::CCn1c(SCC(=O)N(C)C2CCS(=O)(=O)C2)nnc1-c1cccs1__gen0001::cartesian_s2_u0.350,0.0,0.45658428966999054,0.0,0.0,1.0
val::CCn1c(SCC(=O)N2CCOCC2)nc(O)cc1=O__gen0001,0.0,0.5791667699813843,0.0,0.0,1.0
val::CCn1c(SCC(=O)NCc2ccccc2)nnc1-c1cccnc1__gen0000::cartesian_s1_u0.350,0.0,0.4778486490249634,0.0,0.0,1.0
val::CCn1c(SCC(=O)NCc2ccccc2)nnc1-c1cccnc1__gen0000::cartesian_s2_u0.350,0.0,0.4979096055030823,0.0,0.0,1.0
val::CCn1c(SCC(=O)Nc2ccccc2F)nnc1-c1ccoc1C__gen0001::cartesian_s1_u0.350,0.0,0.47873707860708237,0.0,0.0,1.0
val::CCn1c(SCC(=O)Nc2ccccc2F)nnc1-c1ccoc1C__gen0001::cartesian_s2_u0.350,0.0,0.5745740681886673,0.0,0.0,1.0
val::CCn1c(_C=C_c2ccccc2F)nc2ccccc2c1=O__gen0000,0.0,0.7720160037279129,0.0,0.0,1.0
val::CCn1cc(C(=O)NCc2ccc(C)o2)c2cc(OC)c(OC)cc2c1=O__gen0000,0.0,0.7565654367208481,0.0,0.0,1.0
val::CCn1cc(CCCC(=O)NCc2cccc(OC)c2)c2ccccc21__gen0000::cartesian_s1_u0.350,0.0,0.7999431639909744,0.0,0.0,1.0
val::CCn1cc(CCCC(=O)NCc2cccc(OC)c2)c2ccccc21__gen0000::cartesian_s2_u0.350,0.0,0.8192688822746277,0.0,0.0,1.0
val::CCn1cc([N+](=O)[O-])c(C(=O)Nc2cc(C)on2)n1__gen0000::cartesian_s1_u0.350,0.0,0.4681210145354271,0.0,0.0,1.0
val::CCn1cc([N+](=O)[O-])c(C(=O)Nc2cc(C)on2)n1__gen0000::cartesian_s2_u0.350,0.0,0.4369903951883316,0.0,0.0,1.0
val::CCn1nnnc1SCC(=O)NC1CCCC1__gen0001,0.0,0.5558506995439529,0.0,0.0,1.0
val::CN(C(=O)COC(=O)c1ccccc1Nc1ccccc1)C1CCS(=O)(=O)C1__gen0001,0.0,0.6640764772891998,0.0,0.0,1.0
val::CN(C(=O)c1ccco1)c1nc(-c2ccc(Cl)cc2)cs1__gen0000::cartesian_s1_u0.350,0.0,0.3089432641863823,0.0,0.0,1.0
val::CN(C(=O)c1ccco1)c1nc(-c2ccc(Cl)cc2)cs1__gen0000::cartesian_s2_u0.350,0.0,0.4403746873140335,0.0,0.0,1.0
val::CN(C)C(CNC(=O)c1cccc(C#N)c1)c1ccco1__gen0000::cartesian_s1_u0.350,0.0,0.6082793027162552,0.0,0.0,1.0
val::CN(C)C(CNC(=O)c1cccc(C#N)c1)c1ccco1__gen0000::cartesian_s2_u0.350,0.0,0.7137800604104996,0.0,0.0,1.0
val::CN(C)S(=O)(=O)c1ccc(C(=O)NCC2CC2(Cl)Cl)cc1__gen0000,0.0,0.5935162156820297,0.0,0.0,1.0
val::CN(C)_N=C_C=C1\CC_C(=C\c2ccc(Br)cc2)C1=O__gen0000::cartesian_s1_u0.350,0.0,0.6647660732269287,0.0,0.0,1.0
val::CN(C)_N=C_C=C1\CC_C(=C\c2ccc(Br)cc2)C1=O__gen0000::cartesian_s2_u0.350,0.0,0.6193784922361374,0.0,0.0,1.0
val::CN(C)c1ncc(S(=O)(=O)c2ccccc2)c(N)n1__gen0000::cartesian_s1_u0.350,0.0,0.7761922627687454,0.0,0.0,1.0
val::CN(C)c1ncc(S(=O)(=O)c2ccccc2)c(N)n1__gen0000::cartesian_s2_u0.350,0.0,0.7749088853597641,0.0,0.0,1.0
val::CN(CC(=O)NCCc1ccc(Cl)cc1)S(=O)(=O)c1cccs1__gen0001,0.0,0.5167504698038101,0.0,0.0,1.0
val::CN(CC(=O)Nc1ccc(N2CCOCC2)cc1)Cc1cc(=O)n2ccsc2n1__gen0000,0.0,0.5201105773448944,0.0,0.0,1.0
val::CN(Cc1ccc(Cl)cc1)C(=O)c1ccc2ccccc2n1__gen0001,0.0,0.6855683326721191,0.0,0.0,1.0
val::CN(Cc1ccc2c(c1)OCCO2)C(=O)CN1C(=O)NC2(CCCCC2)C1=O__gen0001,0.0,0.7135445475578308,0.0,0.0,1.0
val::CN(Cc1ccccc1)Cc1c[nH]c2ccccc12__gen0001,0.0,0.6115191429853439,0.0,0.0,1.0
val::CN(Cc1cnn(C)c1)C(=O)C1CCC(=O)N(Cc2ccc(Cl)cc2)C1__gen0001,0.0,0.7096555680036545,0.0,0.0,1.0
val::CN(Cc1nc(-c2ccccc2)no1)C(=O)c1ccco1__gen0001,0.0,0.40870580822229385,0.0,0.0,1.0
val::CN(c1ccc(C(=O)Nc2ccc3c(c2)OCO3)cc1)S(C)(=O)=O__gen0001,0.0,0.6945368647575378,0.0,0.0,1.0
val::CN(c1ccc(C(=O)Nc2cccnc2)cc1)S(C)(=O)=O__gen0001,0.0,0.739399716258049,0.0,0.0,1.0
val::CN1CC[NH+](CCCN2c3ccccc3Sc3ccc(S(=O)(=O)N(C)C)cc32)CC1__gen0001,0.0,0.7144850790500641,0.0,0.0,1.0
val::CN1CCc2c(sc3nc(NN)n(-c4ccc(Cl)cc4)c(=O)c23)C1__gen0000::cartesian_s1_u0.350,0.0,0.4918135181069374,0.0,0.0,1.0
val::CN1CCc2c(sc3nc(NN)n(-c4ccc(Cl)cc4)c(=O)c23)C1__gen0000::cartesian_s2_u0.350,0.0,0.526634082198143,0.0,0.0,1.0
val::CNC(=O)_C(C#N)=C\c1cc(C)n(-c2ccc(N3CCOCC3)cc2)c1C__gen0001,0.0,0.7105892449617386,0.0,0.0,1.0
val::CNc1c(NS(=O)(=O)c2ccc(OC)c(Cl)c2)c(=O)oc2ccccc12__gen0001,0.0,0.7032547891139984,0.0,0.0,1.0
val::COC(=O)C(C)Sc1nnc(Cc2cc(=O)[nH]c(=O)[nH]2)n1-c1ccc(OC)cc1__gen0000,0.0,0.6033700853586197,0.0,0.0,1.0
val::COC(=O)C(Cc1ccc(OCCn2c(=O)sc3cc(C(=O)c4ccccc4)ccc32)cc1)C(=O)OC__gen0001,0.0,0.5640229284763336,0.0,0.0,1.0
val::COC(=O)C1(CCSC)NC(c2ccc(OC)cc2OC)C2C(=O)N(c3cccc(C(C)=O)c3)C(=O)C21__gen0000,0.0,0.6735443621873856,0.0,0.0,1.0
val::COC(=O)C1=CO[C@@H](C)[C@@H]2CN3CC[C@]4(C(=O)Nc5ccccc54)[C@@H]3C[C@H]12__gen0001,0.0,0.6774466186761856,0.0,0.0,1.0
val::COC(=O)C1C(c2ccccc2)C(C(=O)OCc2ccco2)C1c1ccccc1__gen0001,0.0,0.43332620710134506,0.0,0.0,1.0
val::COC(=O)CN1C(=O)C(C)=C(c2ccc(C)cc2)S1(=O)=O__gen0000::cartesian_s1_u0.350,0.0,0.7532003670930862,0.0,0.0,1.0
val::COC(=O)CN1C(=O)C(C)=C(c2ccc(C)cc2)S1(=O)=O__gen0000::cartesian_s2_u0.350,0.0,0.7889164686203003,0.0,0.0,1.0
val::COC(=O)CN1C(=O)[C@H]2[C@@H](C1=O)[C@@H](c1ccc(C)o1)N1C(=O)CN(Cc3ccc(-c4ccccc4)cc3)C(=O)[C@@]21C__gen0001,0.0,0.7046814113855362,0.0,0.0,1.0
val::COC(=O)COc1cccc(NC(=O)c2cc(OC)cc(OC)c2)c1__gen0000::cartesian_s1_u0.350,0.0,0.7760496884584427,0.0,0.0,1.0
val::COC(=O)COc1cccc(NC(=O)c2cc(OC)cc(OC)c2)c1__gen0000::cartesian_s2_u0.350,0.0,0.8513243496417999,0.0,0.0,1.0
val::COC(=O)[C@@H](N)CCC[NH2+]C(=N)N[N+](=O)[O-]__gen0000,0.0,0.7555477023124695,0.0,0.0,1.0
val::COC(=O)c1ccc(C23CC4(C2)[C@@H](c2ccccc2)N(C)C[C@@H]4C3c2ccccc2)cc1__gen0000,0.0,0.5029920637607574,0.0,0.0,1.0
val::COC(=O)c1ccc(COc2ccc(Cl)cc2)o1__gen0000,0.0,0.5373545736074448,0.0,0.0,1.0
val::COC(=O)c1ccc2c(c1)C(C)(C)C(_C=C_c1ccc(OC)c(OC)c1OC)=[N+]2C__gen0000::cartesian_s1_u0.350,0.0,0.8128670752048492,0.0,0.0,1.0
val::COC(=O)c1ccc2c(c1)C(C)(C)C(_C=C_c1ccc(OC)c(OC)c1OC)=[N+]2C__gen0000::cartesian_s2_u0.350,0.0,0.7894971817731857,0.0,0.0,1.0
val::COC(=O)c1cccc(N(CC(=O)NC2CCCC2)C(=O)CNC(=O)c2cccs2)c1__gen0000::cartesian_s1_u0.350,0.0,0.6372082233428955,0.0,0.0,1.0
val::COC(=O)c1cccc(N(CC(=O)NC2CCCC2)C(=O)CNC(=O)c2cccs2)c1__gen0000::cartesian_s2_u0.350,0.0,0.7320886999368668,0.0,0.0,1.0
val::COC(=O)c1ccccc1NC(=O)c1ccc(-c2cccc(Cl)c2)o1__gen0000,0.0,0.4961073696613312,0.0,0.0,1.0
val::COC(=O)c1nnc(-c2ccccc2)c(-c2ccccc2)n1__gen0001::cartesian_s1_u0.350,0.0,0.5101151391863823,0.0,0.0,1.0
val::COC(=O)c1nnc(-c2ccccc2)c(-c2ccccc2)n1__gen0001::cartesian_s2_u0.350,0.0,0.5745959877967834,0.0,0.0,1.0
val::COC(=O)c1sc(-c2ccc(C(C)(C)C)cc2)cc1NC(=O)CSCC(=O)O__gen0001::cartesian_s1_u0.350,0.0,0.5181090161204338,0.0,0.0,1.0
val::COC(=O)c1sc(-c2ccc(C(C)(C)C)cc2)cc1NC(=O)CSCC(=O)O__gen0001::cartesian_s2_u0.350,0.0,0.6223442405462265,0.0,0.0,1.0
val::COC(=O)c1sc(NC(=O)c2csc3c2CCCC3)nc1C__gen0001::cartesian_s1_u0.350,0.0,0.5299219787120819,0.0,0.0,1.0
val::COC(=O)c1sc(NC(=O)c2csc3c2CCCC3)nc1C__gen0001::cartesian_s2_u0.350,0.0,0.39316481351852417,0.0,0.0,1.0
val::COC(=O)c1sc2nc(CSc3nc4ccc(C)cc4[nH]3)[nH]c(=O)c2c1C__gen0001,0.0,0.5193664878606796,0.0,0.0,1.0
val::COC(C[C@H](O)[C@@H](C)[C@H](O)COCc1ccccc1)OC__gen0000,0.0,0.7024903893470764,0.0,0.0,1.0
val::COC(Cn1c(-c2cccc(S(=O)(=O)N(C)C)c2)n[nH]c1=S)OC__gen0001::cartesian_s1_u0.350,0.0,0.6944655776023865,0.0,0.0,1.0
val::COC(Cn1c(-c2cccc(S(=O)(=O)N(C)C)c2)n[nH]c1=S)OC__gen0001::cartesian_s2_u0.350,0.0,0.6606118381023407,0.0,0.0,1.0
val::COC1CCCN(C(=O)c2cc(COc3ccc(-n4cncn4)cc3)on2)C1__gen0000,0.0,0.46462851762771606,0.0,0.0,1.0
val::COCC(C)NC(=O)COc1nncc2ccccc12__gen0001,0.0,0.6960723102092743,0.0,0.0,1.0
val::COCCC(=O)N1CCC(Oc2ccc(C(=O)NCCc3cn[nH]c3)cc2)CC1__gen0001,0.0,0.6739462614059448,0.0,0.0,1.0
val::COCCC[NH2+]C(c1ccccc1)c1ccncc1__gen0001,0.0,0.7134310454130173,0.0,0.0,1.0
val::COCCCn1c(SCC(=O)Nc2ccc(NC(=O)c3ccco3)c(OC)c2)nc2ccccc2c1=O__gen0000::cartesian_s1_u0.350,0.0,0.579355776309967,0.0,0.0,1.0
val::COCCCn1c(SCC(=O)Nc2ccc(NC(=O)c3ccco3)c(OC)c2)nc2ccccc2c1=O__gen0000::cartesian_s2_u0.350,0.0,0.5797294080257416,0.0,0.0,1.0
val::COCCNC(=O)CN(c1cccc(OC)c1)S(=O)(=O)c1ccc(C)cc1__gen0000::cartesian_s1_u0.350,0.0,0.8033182621002197,0.0,0.0,1.0
val::COCCNC(=O)CN(c1cccc(OC)c1)S(=O)(=O)c1ccc(C)cc1__gen0000::cartesian_s2_u0.350,0.0,0.8406840264797211,0.0,0.0,1.0
val::COCCNc1ccc(-c2nn(C)c(=O)c3ccccc23)cc1[N+](=O)[O-]__gen0000,0.0,0.7748853266239166,0.0,0.0,1.0
val::COCCn1c(C)cc(C(=O)COC(=O)CNC(=O)c2ccccc2)c1C__gen0001::cartesian_s1_u0.350,0.0,0.737403005361557,0.0,0.0,1.0
val::COCCn1c(C)cc(C(=O)COC(=O)CNC(=O)c2ccccc2)c1C__gen0001::cartesian_s2_u0.350,0.0,0.7793211042881012,0.0,0.0,1.0
val::COCCn1c(N_N=C(C)_C=C_c2ccccc2)nc2c1c(=O)[nH]c(=O)n2C__gen0001,0.0,0.7542718052864075,0.0,0.0,1.0
val::COCCn1c(SCC(=O)Nc2cccc(OC)c2)nc2c(oc3ccccc32)c1=O__gen0001,0.0,0.6135559976100922,0.0,0.0,1.0
val::COCc1cc(C)nc(OCC(=O)N_N=C_c2ccc(O)cc2O)c1C#N__gen0001,0.0,0.6746008098125458,0.0,0.0,1.0
val::COc1cc(-n2c(C)nc3cc(C(=O)NCCN4CCOCC4)ccc32)cc(OC)c1OC__gen0001,0.0,0.7143762111663818,0.0,0.0,1.0
val::COc1cc(C(CC(=O)N2CCCC2)c2c(OC)cc(OC)c3ccc(=O)oc23)cc(OC)c1OC__gen0000::cartesian_s1_u0.350,0.0,0.8356511741876602,0.0,0.0,1.0
val::COc1cc(C(CC(=O)N2CCCC2)c2c(OC)cc(OC)c3ccc(=O)oc23)cc(OC)c1OC__gen0000::cartesian_s2_u0.350,0.0,0.7462416291236877,0.0,0.0,1.0
val::COc1cc(C2C(C#N)=C(N)OC3=C2C(=O)CCC3)cc(OC)c1OC(=O)N1CCOCC1__gen0001,0.0,0.6868355721235275,0.0,0.0,1.0
val::COc1cc(CC(=O)OCn2nnc3ccccc3c2=O)cc(OC)c1OC__gen0000,0.0,0.7113534808158875,0.0,0.0,1.0
val::COc1cc(NC(=O)CSc2nc3ccccc3cc2Cc2ccccc2)cc(OC)c1__gen0000,0.0,0.644779846072197,0.0,0.0,1.0
val::COc1cc(NC(=O)CSc2nnc(-c3ccncc3)n2C2CCCCC2)ccc1NC(=O)c1ccco1__gen0001::cartesian_s1_u0.350,0.0,0.46947216242551804,0.0,0.0,1.0
val::COc1cc(NC(=O)CSc2nnc(-c3ccncc3)n2C2CCCCC2)ccc1NC(=O)c1ccco1__gen0001::cartesian_s2_u0.350,0.0,0.6001396626234055,0.0,0.0,1.0
val::COc1cc(NC(=O)c2ccc(Br)o2)ccc1NC(=O)C(C)C__gen0001::cartesian_s1_u0.350,0.0,0.7752286195755005,0.0,0.0,1.0
val::COc1cc(NC(=O)c2ccc(Br)o2)ccc1NC(=O)C(C)C__gen0001::cartesian_s2_u0.350,0.0,0.7449589371681213,0.0,0.0,1.0
val::COc1cc(O)c(C(=O)c2ccccc2)cc1S(=O)(=O)O__gen0000,0.0,0.6048635840415955,0.0,0.0,1.0
val::COc1cc(S(=O)(=O)NCc2ccncc2)c(OC)cc1C__gen0001,0.0,0.7442073076963425,0.0,0.0,1.0
val::COc1cc(_C=C2\SC(=Nc3ccc(O)cc3)NC2=O)cc(OC)c1OC__gen0000,0.0,0.5766901522874832,0.0,0.0,1.0
val::COc1cc(_C=N_NC(=O)c2cc(-c3ccccc3)nc3ccccc23)ccc1O__gen0000,0.0,0.5717143565416336,0.0,0.0,1.0
val::COc1cc2c(cc1NC(=O)CSCC(=O)O)oc1ccccc12__gen0001::cartesian_s1_u0.350,0.0,0.5074834153056145,0.0,0.0,1.0
val::COc1cc2c(cc1NC(=O)CSCC(=O)O)oc1ccccc12__gen0001::cartesian_s2_u0.350,0.0,0.4920149892568588,0.0,0.0,1.0
val::COc1ccc(-c2c[n+](CC(=O)c3cccs3)c3n2CCC3)cc1__gen0001,0.0,0.5024799928069115,0.0,0.0,1.0
val::COc1ccc(-c2cc(C(F)(F)F)c3c(=O)n(-c4ccccc4)[nH]c3n2)cc1__gen0001,0.0,0.5957446098327637,0.0,0.0,1.0
val::COc1ccc(-c2cc(C(F)(F)F)n3nc(C(=O)NCc4ccco4)c(Cl)c3n2)cc1__gen0001::cartesian_s1_u0.350,0.0,0.5241016745567322,0.0,0.0,1.0
val::COc1ccc(-c2cc(C(F)(F)F)n3nc(C(=O)NCc4ccco4)c(Cl)c3n2)cc1__gen0001::cartesian_s2_u0.350,0.0,0.5617093443870544,0.0,0.0,1.0
val::COc1ccc(-c2cc(COc3ccccc3)on2)cc1__gen0000,0.0,0.49133409559726715,0.0,0.0,1.0
val::COc1ccc(-c2cc3ccc(OCC(C)=O)cc3oc2=O)cc1__gen0001,0.0,0.7376857250928879,0.0,0.0,1.0
val::COc1ccc(-c2csc(NC(=S)NC(=O)c3ccc(S(=O)(=O)N(C)C)cc3)n2)cc1OC__gen0001::cartesian_s1_u0.350,0.0,0.5225041508674622,0.0,0.0,1.0
val::COc1ccc(-c2csc(NC(=S)NC(=O)c3ccc(S(=O)(=O)N(C)C)cc3)n2)cc1OC__gen0001::cartesian_s2_u0.350,0.0,0.5271064341068268,0.0,0.0,1.0
val::COc1ccc(-c2n[nH]c(C)c2-c2cnn(-c3ccccc3)c2)c(O)c1__gen0001,0.0,0.5230421423912048,0.0,0.0,1.0
val::COc1ccc(-c2nc(C(N)=O)c3[nH]c(=O)n(-c4cccc(C)c4)c3n2)c(OC)c1__gen0000::cartesian_s1_u0.350,0.0,0.7142645865678787,0.0,0.0,1.0
val::COc1ccc(-c2nc(C(N)=O)c3[nH]c(=O)n(-c4cccc(C)c4)c3n2)c(OC)c1__gen0000::cartesian_s2_u0.350,0.0,0.7297760844230652,0.0,0.0,1.0
val::COc1ccc(-c2nnc(N(C)C(=O)c3ccco3)s2)cc1OC__gen0001::cartesian_s1_u0.350,0.0,0.44321126490831375,0.0,0.0,1.0
val::COc1ccc(-c2nnc(N(C)C(=O)c3ccco3)s2)cc1OC__gen0001::cartesian_s2_u0.350,0.0,0.4521259143948555,0.0,0.0,1.0
val::COc1ccc(-c2noc(CCC(=O)NCCN(C)Cc3ccccc3)n2)cc1__gen0001::cartesian_s1_u0.350,0.0,0.6108539551496506,0.0,0.0,1.0
val::COc1ccc(-c2noc(CCC(=O)NCCN(C)Cc3ccccc3)n2)cc1__gen0001::cartesian_s2_u0.350,0.0,0.7150771617889404,0.0,0.0,1.0
val::COc1ccc(-n2c(C)cc(C(=O)CSc3nn4c(=O)c(C(C)(C)C)nnc4s3)c2C)cc1__gen0000,0.0,0.641347348690033,0.0,0.0,1.0
val::COc1ccc(-n2c(SCC(=O)Nc3ccc(Br)cc3)nc(O)cc2=O)cc1__gen0001,0.0,0.5262918919324875,0.0,0.0,1.0
val::COc1ccc(-n2cnc3scc(-c4ccccc4)c3c2=O)cc1__gen0000,0.0,0.4091420844197273,0.0,0.0,1.0
val::COc1ccc(C(=O)CC[NH+]2CCN(c3ccccc3F)CC2)cc1__gen0001,0.0,0.78749580681324,0.0,0.0,1.0
val::COc1ccc(C(=O)COC(=O)c2nn(C)c(=O)c3ccccc23)c(OC)c1__gen0001::cartesian_s1_u0.350,0.0,0.7851162701845169,0.0,0.0,1.0
val::COc1ccc(C(=O)COC(=O)c2nn(C)c(=O)c3ccccc23)c(OC)c1__gen0001::cartesian_s2_u0.350,0.0,0.7746549546718597,0.0,0.0,1.0
val::COc1ccc(C(=O)NC2CC2)cc1OC1CCN(Cc2cc(C)cc(C)c2)CC1__gen0001,0.0,0.5910424590110779,0.0,0.0,1.0
val::COc1ccc(C(=O)NCc2ccc(C)cc2)cc1S(=O)(=O)N1CCCc2ccccc21__gen0001,0.0,0.774211198091507,0.0,0.0,1.0
val::COc1ccc(C(=O)c2nc3ccccc3n2C(C)C)cc1__gen0001,0.0,0.7717906385660172,0.0,0.0,1.0
val::COc1ccc(C2CC(C(F)(F)F)n3nc(C(=O)Nc4c(C)n(C)n(-c5ccccc5)c4=O)c(Cl)c3N2)cc1__gen0001::cartesian_s1_u0.350,0.0,0.7101542055606842,0.0,0.0,1.0
val::COc1ccc(C2CC(C(F)(F)F)n3nc(C(=O)Nc4c(C)n(C)n(-c5ccccc5)c4=O)c(Cl)c3N2)cc1__gen0001::cartesian_s2_u0.350,0.0,0.7186546176671982,0.0,0.0,1.0
val::COc1ccc(C2NC(=S)NC(C)=C2C(=O)c2ccccc2)cc1OC__gen0001,0.0,0.770635187625885,0.0,0.0,1.0
val::COc1ccc(CC(=O)Nc2ccc(-c3nnc(-c4ccccc4)o3)cc2)cc1OC__gen0000::cartesian_s1_u0.350,0.0,0.540778324007988,0.0,0.0,1.0
val::COc1ccc(CC(=O)Nc2ccc(-c3nnc(-c4ccccc4)o3)cc2)cc1OC__gen0000::cartesian_s2_u0.350,0.0,0.5490519255399704,0.0,0.0,1.0
val::COc1ccc(CC(CC(=O)O)C(=O)Nc2ccccc2)cc1__gen0000,0.0,0.7079000174999237,0.0,0.0,1.0
val::COc1ccc(CNC(=O)CN(Cc2ccc(C)cc2)C(=O)c2csnn2)cc1__gen0000,0.0,0.5203582495450974,0.0,0.0,1.0
val::COc1ccc(CNC(=O)CN2CCN(c3ccccc3)CC2)cc1__gen0000,0.0,0.7102000266313553,0.0,0.0,1.0
val::COc1ccc(CNC(=O)COC(=O)c2ccccc2OCC(=O)Nc2ccc(SC(F)F)cc2)cc1__gen0000::cartesian_s1_u0.350,0.0,0.7319513261318207,0.0,0.0,1.0
val::COc1ccc(CNC(=O)COC(=O)c2ccccc2OCC(=O)Nc2ccc(SC(F)F)cc2)cc1__gen0000::cartesian_s2_u0.350,0.0,0.7546645700931549,0.0,0.0,1.0
val::COc1ccc(CNC(=O)c2ccccc2NS(C)(=O)=O)cc1__gen0000,0.0,0.783842146396637,0.0,0.0,1.0
val::COc1ccc(CNC(=S)NCc2ccc(F)cc2)cc1__gen0001,0.0,0.6874741613864899,0.0,0.0,1.0
val::COc1ccc(C[NH+]2CCN(c3ccccc3OC)CC2)cc1OC__gen0001,0.0,0.7834043949842453,0.0,0.0,1.0
val::COc1ccc(Cl)cc1NC(=O)CSc1nnc(COc2ccccc2)n1N__gen0001,0.0,0.502859354019165,0.0,0.0,1.0
val::COc1ccc(N2CC(C(=O)O)CC2=O)cc1__gen0001::cartesian_s1_u0.350,0.0,0.6836508959531784,0.0,0.0,1.0
val::COc1ccc(N2CC(C(=O)O)CC2=O)cc1__gen0001::cartesian_s2_u0.350,0.0,0.7719650864601135,0.0,0.0,1.0
val::COc1ccc(NC(=O)C2CCC(CNS(=O)(=O)c3cccs3)CC2)cc1OC__gen0001,0.0,0.5901045054197311,0.0,0.0,1.0
val::COc1ccc(NC(=O)c2ccc3c(c2)C(=O)N(CC2CCCO2)C3=O)c(OC)c1__gen0001::cartesian_s1_u0.350,0.0,0.7134469002485275,0.0,0.0,1.0
val::COc1ccc(NC(=O)c2ccc3c(c2)C(=O)N(CC2CCCO2)C3=O)c(OC)c1__gen0001::cartesian_s2_u0.350,0.0,0.7808358669281006,0.0,0.0,1.0
val::COc1ccc(NC(C)=O)cc1NC(C)C(=O)Nc1ccccc1F__gen0000::cartesian_s1_u0.350,0.0,0.8457851856946945,0.0,0.0,1.0
val::COc1ccc(NC(C)=O)cc1NC(C)C(=O)Nc1ccccc1F__gen0000::cartesian_s2_u0.350,0.0,0.8911686539649963,0.0,0.0,1.0
val::COc1ccc(Nc2nc3c(c(=O)n(C)c(=O)n3C)n2CCO)cc1__gen0001,0.0,0.7670911997556686,0.0,0.0,1.0
val::COc1ccc(OC)c(-n2c(=S)[nH]c3cc(C(=O)N4CCCCC4)ccc3c2=O)c1__gen0000::cartesian_s1_u0.350,0.0,0.7627163231372833,0.0,0.0,1.0
val::COc1ccc(OC)c(-n2c(=S)[nH]c3cc(C(=O)N4CCCCC4)ccc3c2=O)c1__gen0000::cartesian_s2_u0.350,0.0,0.7660641670227051,0.0,0.0,1.0
val::COc1ccc(OC)c(NC(=O)Nc2nnc(N3CCCCC3C)s2)c1__gen0001,0.0,0.5701199769973755,0.0,0.0,1.0
val::COc1ccc(OC2C(=O)N(Cc3ccc4c(c3)OCO4)C2c2sccc2C)cc1__gen0001::cartesian_s1_u0.350,0.0,0.421563558280468,0.0,0.0,1.0
val::COc1ccc(OC2C(=O)N(Cc3ccc4c(c3)OCO4)C2c2sccc2C)cc1__gen0001::cartesian_s2_u0.350,0.0,0.42846642434597015,0.0,0.0,1.0
val::COc1ccc(OCCSc2nnc(-c3ccc(OC)cc3)n2N)cc1__gen0000::cartesian_s1_u0.350,0.0,0.5300300419330597,0.0,0.0,1.0
val::COc1ccc(OCCSc2nnc(-c3ccc(OC)cc3)n2N)cc1__gen0000::cartesian_s2_u0.350,0.0,0.4976099506020546,0.0,0.0,1.0
val::COc1ccc(S(=O)(=O)NN(C)c2nc(C(F)(F)F)nc3ccccc23)cc1__gen0001,0.0,0.6832464188337326,0.0,0.0,1.0
val::COc1ccc([N+](=O)[O-])cc1N(CC(O)CN1CCCCC1)S(=O)(=O)c1ccc(C)cc1__gen0000::cartesian_s1_u0.350,0.0,0.8101738095283508,0.0,0.0,1.0
val::COc1ccc([N+](=O)[O-])cc1N(CC(O)CN1CCCCC1)S(=O)(=O)c1ccc(C)cc1__gen0000::cartesian_s2_u0.350,0.0,0.7982686012983322,0.0,0.0,1.0
val::COc1ccc2c(Cl)c(-c3nnco3)sc2c1__gen0000,0.0,0.3153354153037071,0.0,0.0,1.0
val::COc1ccc2cc3cc(C(=O)NCCN4CCc5ccccc5C4)sc3nc2c1__gen0001::cartesian_s1_u0.350,0.0,0.6345798671245575,0.0,0.0,1.0
val::COc1ccc2cc3cc(C(=O)NCCN4CCc5ccccc5C4)sc3nc2c1__gen0001::cartesian_s2_u0.350,0.0,0.5157336518168449,0.0,0.0,1.0
val::COc1cccc(-c2[nH]nc3c2C(c2ccoc2)C(C#N)=C(N)O3)c1__gen0001::cartesian_s1_u0.350,0.0,0.4165801703929901,0.0,0.0,1.0
val::COc1cccc(-c2[nH]nc3c2C(c2ccoc2)C(C#N)=C(N)O3)c1__gen0001::cartesian_s2_u0.350,0.0,0.43053869903087616,0.0,0.0,1.0
val::COc1cccc(-n2nnc3c(=O)n(Cc4ccccc4F)cnc32)c1__gen0000,0.0,0.557673841714859,0.0,0.0,1.0
val::COc1cccc(C(CC(=O)NCC2CCCO2)NS(=O)(=O)c2ccc(C)cc2)c1OC__gen0001,0.0,0.7187971919775009,0.0,0.0,1.0
val::COc1cccc(NC(=O)CN(C)C(=O)c2cccc(S(=O)(=O)N3CCN(c4ccccc4)CC3)c2)c1__gen0000::cartesian_s1_u0.350,0.0,0.739876925945282,0.0,0.0,1.0
val::COc1cccc(NC(=O)CN(C)C(=O)c2cccc(S(=O)(=O)N3CCN(c4ccccc4)CC3)c2)c1__gen0000::cartesian_s2_u0.350,0.0,0.8020738065242767,0.0,0.0,1.0
val::COc1cccc(NC(=O)CN(C)S(=O)(=O)c2ccc3[nH]c(=O)oc3c2)c1__gen0000,0.0,0.6478013843297958,0.0,0.0,1.0
val::COc1cccc(NC(=O)Cc2nnc(SCC(=O)NC3=NCCS3)n2C)c1__gen0000,0.0,0.4259937033057213,0.0,0.0,1.0
val::COc1cccc(NC(=S)N2CCN(C)CC2)c1__gen0000::cartesian_s1_u0.350,0.0,0.7752073854207993,0.0,0.0,1.0
val::COc1cccc(NC(=S)N2CCN(C)CC2)c1__gen0000::cartesian_s2_u0.350,0.0,0.7951478511095047,0.0,0.0,1.0
val::COc1cccc(OC)c1OCCCC[NH+]1CCC(Cc2ccccc2)CC1__gen0001,0.0,0.7928363531827927,0.0,0.0,1.0
val::COc1cccc(OCC(O)CN2CC[NH+](c3ccc(F)cc3)CC2)c1__gen0000,0.0,0.7128219157457352,0.0,0.0,1.0
val::COc1ccccc1C(CCN(Cc1ccccc1)C(C)=O)c1ccco1__gen0001,0.0,0.6773797422647476,0.0,0.0,1.0
val::COc1ccccc1CCNC(=O)c1nccnc1C(=O)O__gen0000,0.0,0.6451288312673569,0.0,0.0,1.0
val::COc1ccccc1N1CCN(CC(=O)NCCc2ccc(S(N)(=O)=O)cc2)CC1__gen0000,0.0,0.7267974615097046,0.0,0.0,1.0
val::COc1ccccc1N1CCN(CC(=O)NCc2ccc(Cl)cc2)CC1__gen0000,0.0,0.7172018587589264,0.0,0.0,1.0
val::COc1ccccc1N=NC1C(=O)N(C(N)=S)N=C1C__gen0000::cartesian_s1_u0.350,0.0,0.5898562669754028,0.0,0.0,1.0
val::COc1ccccc1N=NC1C(=O)N(C(N)=S)N=C1C__gen0000::cartesian_s2_u0.350,0.0,0.6983232349157333,0.0,0.0,1.0
val::COc1ccccc1NC(=O)CSc1nnnn1C1CCCC1__gen0001,0.0,0.5174323916435242,0.0,0.0,1.0
val::COc1ccccc1NS(=O)(=O)c1ccc(NC(=O)c2nc3ncccn3n2)cc1__gen0001::cartesian_s1_u0.350,0.0,0.5703283101320267,0.0,0.0,1.0
val::COc1ccccc1NS(=O)(=O)c1ccc(NC(=O)c2nc3ncccn3n2)cc1__gen0001::cartesian_s2_u0.350,0.0,0.6255739778280258,0.0,0.0,1.0
val::COc1ccccc1OC(C)C(=O)Nc1ccc2c(c1)n(C)c(=O)n2C__gen0001::cartesian_s1_u0.350,0.0,0.7862619012594223,0.0,0.0,1.0
val::COc1ccccc1OC(C)C(=O)Nc1ccc2c(c1)n(C)c(=O)n2C__gen0001::cartesian_s2_u0.350,0.0,0.7495884299278259,0.0,0.0,1.0
val::COc1ccccc1OCCSc1nnnn1C1CCCCC1__gen0000,0.0,0.5315103977918625,0.0,0.0,1.0
val::COc1ccccc1OCc1ccc(C(=O)NC(C)(C)C)o1__gen0000::cartesian_s1_u0.350,0.0,0.8176903426647186,0.0,0.0,1.0
val::COc1ccccc1OCc1ccc(C(=O)NC(C)(C)C)o1__gen0000::cartesian_s2_u0.350,0.0,0.7847071439027786,0.0,0.0,1.0
val::COc1ccccc1_C=C1_SC(=S)N(C(C)C(=O)NC2C=CS(=O)(=O)C2)C1=O__gen0001,0.0,0.5148056223988533,0.0,0.0,1.0
val::COc1ccccc1_C=C_C=C1\Oc2c(ccc(O)c2CN(C)C)C1=O__gen0000::cartesian_s1_u0.350,0.0,0.7065896987915039,0.0,0.0,1.0
val::COc1ccccc1_C=C_C=C1\Oc2c(ccc(O)c2CN(C)C)C1=O__gen0000::cartesian_s2_u0.350,0.0,0.7318652719259262,0.0,0.0,1.0
val::CS(=O)(=O)N(CC(=O)Nc1ccccc1Sc1ccccc1)c1cccc(Br)c1__gen0001::cartesian_s1_u0.350,0.0,0.6912936121225357,0.0,0.0,1.0
val::CS(=O)(=O)N(CC(=O)Nc1ccccc1Sc1ccccc1)c1cccc(Br)c1__gen0001::cartesian_s2_u0.350,0.0,0.7593502849340439,0.0,0.0,1.0
val::CS(=O)(=O)N1N=C(c2ccco2)CC1c1ccc(Br)cc1__gen0000,0.0,0.5889291167259216,0.0,0.0,1.0
val::CSc1cc(-c2ccccc2)[nH]c(=O)c1C#N__gen0001::cartesian_s1_u0.350,0.0,0.5382003635168076,0.0,0.0,1.0
val::CSc1cc(-c2ccccc2)[nH]c(=O)c1C#N__gen0001::cartesian_s2_u0.350,0.0,0.5093052685260773,0.0,0.0,1.0
val::CSc1ccccc1NC(=O)CN(C)C(=O)Cc1c(F)cccc1Cl__gen0000::cartesian_s1_u0.350,0.0,0.653494730591774,0.0,0.0,1.0
val::CSc1ccccc1NC(=O)CN(C)C(=O)Cc1c(F)cccc1Cl__gen0000::cartesian_s2_u0.350,0.0,0.7716864347457886,0.0,0.0,1.0
val::CSc1n[nH]c(=O)n1-c1ccc(Cl)cc1__gen0000::cartesian_s1_u0.350,0.0,0.4779963120818138,0.0,0.0,1.0
val::CSc1n[nH]c(=O)n1-c1ccc(Cl)cc1__gen0000::cartesian_s2_u0.350,0.0,0.5129938274621964,0.0,0.0,1.0
val::CSc1oc(-c2ccco2)nc1S(=O)(=O)c1ccc(C)cc1__gen0001::cartesian_s1_u0.350,0.0,0.4684568867087364,0.0,0.0,1.0
val::CSc1oc(-c2ccco2)nc1S(=O)(=O)c1ccc(C)cc1__gen0001::cartesian_s2_u0.350,0.0,0.4830900952219963,0.0,0.0,1.0
val::C[C@@H](C(=O)O)c1cccc(Oc2ccccc2)c1__gen0001::cartesian_s1_u0.350,0.0,0.6700627654790878,0.0,0.0,1.0
val::C[C@@H](C(=O)O)c1cccc(Oc2ccccc2)c1__gen0001::cartesian_s2_u0.350,0.0,0.6820682138204575,0.0,0.0,1.0
val::C[C@@]12CCc3occc3[C@H]1CC[C@@]13C[C@@H](CC[C@H]12)[C@@](O)(CO)C3__gen0000,0.0,0.6716018319129944,0.0,0.0,1.0
val::C_C(=N\NC(=O)C1=NNC(=O)C1C)c1cccs1__gen0001::cartesian_s1_u0.350,0.0,0.14036765694618225,0.0,0.0,1.0
val::C_C(=N\NC(=O)C1=NNC(=O)C1C)c1cccs1__gen0001::cartesian_s2_u0.350,0.0,0.15043114498257637,0.0,0.0,1.0
val::C_C(=N\OCc1nc2ccccc2c(=O)n1_N=C_c1cc([N+](=O)[O-])ccc1O)c1ccccc1__gen0000,0.0,0.5769353061914444,0.0,0.0,1.0
val::Cc1[nH]c2ccc(C(=O)N3CCN(c4cccc(Cl)c4)CC3)cc2c1C__gen0001::cartesian_s1_u0.350,0.0,0.6839327216148376,0.0,0.0,1.0
val::Cc1[nH]c2ccc(C(=O)N3CCN(c4cccc(Cl)c4)CC3)cc2c1C__gen0001::cartesian_s2_u0.350,0.0,0.668171301484108,0.0,0.0,1.0
val::Cc1[nH]n(-c2ccccc2)c(=S)c1C=Nc1ccc([N+](=O)[O-])cc1__gen0000::cartesian_s1_u0.350,0.0,0.6089295297861099,0.0,0.0,1.0
val::Cc1[nH]n(-c2ccccc2)c(=S)c1C=Nc1ccc([N+](=O)[O-])cc1__gen0000::cartesian_s2_u0.350,0.0,0.6638569533824921,0.0,0.0,1.0
val::Cc1c(C(=O)N2CCCCC2)sc(NC(=O)C(C)C)c1C#N__gen0001::cartesian_s1_u0.350,0.0,0.48644019663333893,0.0,0.0,1.0
val::Cc1c(C(=O)N2CCCCC2)sc(NC(=O)C(C)C)c1C#N__gen0001::cartesian_s2_u0.350,0.0,0.15081009455025196,0.0,0.0,1.0
val::Cc1c(C(=O)N_N=C_c2ccccc2)sc(=S)n1C__gen0001,0.0,0.528482124209404,0.0,0.0,1.0
val::Cc1cc(Br)ccc1SCC(=O)OCC(=O)NCc1ccco1__gen0001::cartesian_s1_u0.350,0.0,0.5226157307624817,0.0,0.0,1.0
val::Cc1cc(Br)ccc1SCC(=O)OCC(=O)NCc1ccco1__gen0001::cartesian_s2_u0.350,0.0,0.5238492712378502,0.0,0.0,1.0
val::Cc1cc(C(=O)Nc2nc(C)c(C(=O)N(C)C)s2)ccc1[N+](=O)[O-]__gen0000,0.0,0.6372691839933395,0.0,0.0,1.0
val::Cc1cc(C)c(C#N)c(SCc2nnc(-c3ccccc3[N+](=O)[O-])o2)n1__gen0000,0.0,0.44186311215162277,0.0,0.0,1.0
val::Cc1cc(C)c(_C=C(\C#N)S(=O)(=O)c2ccccc2)[nH]1__gen0000::cartesian_s1_u0.350,0.0,0.6499964147806168,0.0,0.0,1.0
val::Cc1cc(C)c(_C=C(\C#N)S(=O)(=O)c2ccccc2)[nH]1__gen0000::cartesian_s2_u0.350,0.0,0.6453988701105118,0.0,0.0,1.0
val::Cc1cc(C)n(CCC(=O)Nc2cccc(F)c2)n1__gen0001,0.0,0.6889532953500748,0.0,0.0,1.0
val::Cc1cc(C)nc(CCNC(=O)c2cc(COc3c(C)cccc3C)on2)n1__gen0001,0.0,0.7124670594930649,0.0,0.0,1.0
val::Cc1cc(C[n+]2ccccc2)c2nsnc2c1__gen0001::cartesian_s1_u0.350,0.0,0.4112258478999138,0.0,0.0,1.0
val::Cc1cc(C[n+]2ccccc2)c2nsnc2c1__gen0001::cartesian_s2_u0.350,0.0,0.28908849507570267,0.0,0.0,1.0
val::Cc1cc(F)c(F)c(C(=O)N2CCN(C)CC2)c1Cl__gen0001::cartesian_s1_u0.350,0.0,0.7592821419239044,0.0,0.0,1.0
val::Cc1cc(F)c(F)c(C(=O)N2CCN(C)CC2)c1Cl__gen0001::cartesian_s2_u0.350,0.0,0.8186767250299454,0.0,0.0,1.0
val::Cc1cc(N_N=C_c2ccc(O)cc2O)nc(-n2nc(C)cc2C)n1__gen0000::cartesian_s1_u0.350,0.0,0.5875798016786575,0.0,0.0,1.0
val::Cc1cc(N_N=C_c2ccc(O)cc2O)nc(-n2nc(C)cc2C)n1__gen0000::cartesian_s2_u0.350,0.0,0.591935783624649,0.0,0.0,1.0
val::Cc1cc(S(=O)(=O)N2CCCC2)ccc1OCC(=O)NC1CCCC1__gen0000::cartesian_s1_u0.350,0.0,0.793169230222702,0.0,0.0,1.0
val::Cc1cc(S(=O)(=O)N2CCCC2)ccc1OCC(=O)NC1CCCC1__gen0000::cartesian_s2_u0.350,0.0,0.8325240015983582,0.0,0.0,1.0
val::Cc1ccc(-c2cc(C(=O)N3CCN(c4ccc(F)cc4)CC3)c3ccccc3n2)o1__gen0001,0.0,0.583741769194603,0.0,0.0,1.0
val::Cc1ccc(-c2ccc(=O)n(CC(=O)N3CCC4(CC3)OCCO4)n2)cc1__gen0001::cartesian_s1_u0.350,0.0,0.7175253480672836,0.0,0.0,1.0
val::Cc1ccc(-c2ccc(=O)n(CC(=O)N3CCC4(CC3)OCCO4)n2)cc1__gen0001::cartesian_s2_u0.350,0.0,0.6822135746479034,0.0,0.0,1.0
val::Cc1ccc(-c2nc3cc(N)ccc3o2)cc1__gen0001::cartesian_s1_u0.350,0.0,0.5872134566307068,0.0,0.0,1.0
val::Cc1ccc(-c2nc3cc(N)ccc3o2)cc1__gen0001::cartesian_s2_u0.350,0.0,0.5502746552228928,0.0,0.0,1.0
val::Cc1ccc(-c2nnc(Nc3ccc(CC(N)=O)cc3)c3ccccc23)cc1S(=O)(=O)NCC1CCCO1__gen0000,0.0,0.6248971372842789,0.0,0.0,1.0
val::Cc1ccc(-c2onc(C)c2C)cc1S(=O)(=O)N1CC(C)Oc2ccccc21__gen0000::cartesian_s1_u0.350,0.0,0.6456512808799744,0.0,0.0,1.0
val::Cc1ccc(-c2onc(C)c2C)cc1S(=O)(=O)N1CC(C)Oc2ccccc21__gen0000::cartesian_s2_u0.350,0.0,0.5956135243177414,0.0,0.0,1.0
val::Cc1ccc(-n2c(O)c(C=NC3CCCC3)c(=O)[nH]c2=O)c(C)c1__gen0001,0.0,0.8219305127859116,0.0,0.0,1.0
val::Cc1ccc(C(=O)COC(=O)c2ccccc2NC(=O)c2ccccc2)cc1[N+](=O)[O-]__gen0001,0.0,0.6828318536281586,0.0,0.0,1.0
val::Cc1ccc(C(=O)C[n+]2ccc(Cc3ccccc3)cc2)cc1__gen0001::cartesian_s1_u0.350,0.0,0.7661058902740479,0.0,0.0,1.0
val::Cc1ccc(C(=O)C[n+]2ccc(Cc3ccccc3)cc2)cc1__gen0001::cartesian_s2_u0.350,0.0,0.7578510195016861,0.0,0.0,1.0
val::Cc1ccc(C(C)(O)CS(=O)(=O)Cc2ccccc2Cl)cc1__gen0000,0.0,0.7884441167116165,0.0,0.0,1.0
val::Cc1ccc(C)c(N(CC(=O)NC2CCCC2)C(=O)CCCC(=O)Nc2ccccn2)c1__gen0001::cartesian_s1_u0.350,0.0,0.8346876502037048,0.0,0.0,1.0
val::Cc1ccc(C)c(N(CC(=O)NC2CCCC2)C(=O)CCCC(=O)Nc2ccccn2)c1__gen0001::cartesian_s2_u0.350,0.0,0.837461531162262,0.0,0.0,1.0
val::Cc1ccc(C)n1-n1cnc2scc(-c3cccs3)c2c1=O__gen0000::cartesian_s1_u0.350,0.0,0.3298850506544113,0.0,0.0,1.0
val::Cc1ccc(C)n1-n1cnc2scc(-c3cccs3)c2c1=O__gen0000::cartesian_s2_u0.350,0.0,0.24145657941699028,0.0,0.0,1.0
val::Cc1ccc(C2=Nc3ccccc3N=C(c3cccs3)C2)c(O)c1__gen0000,0.0,0.4193491116166115,0.0,0.0,1.0
val::Cc1ccc(C2CCN(C(=S)Nc3cccc(Cl)c3)C2)cc1__gen0000,0.0,0.6799640506505966,0.0,0.0,1.0
val::Cc1ccc(CN2CC(C(=O)N(C)CC(=O)Nc3cccc(F)c3)CC2=O)cc1__gen0001::cartesian_s1_u0.350,0.0,0.7947766184806824,0.0,0.0,1.0
val::Cc1ccc(CN2CC(C(=O)N(C)CC(=O)Nc3cccc(F)c3)CC2=O)cc1__gen0001::cartesian_s2_u0.350,0.0,0.833127811551094,0.0,0.0,1.0
val::Cc1ccc(Cl)c(NC(=O)CCl)c1Cl__gen0001,0.0,0.6741487234830856,0.0,0.0,1.0
val::Cc1ccc(Cl)cc1NC(=O)C(=O)N_N=C_c1ccc2c(c1)OCO2__gen0000,0.0,0.5700168907642365,0.0,0.0,1.0
val::Cc1ccc(Cl)cc1NC(=O)c1ccc(NC(=O)CCC(=O)O)cc1__gen0000,0.0,0.729108065366745,0.0,0.0,1.0
val::Cc1ccc(N2CN(Cc3cccnc3)CNC2=S)cc1__gen0001,0.0,0.6451001912355423,0.0,0.0,1.0
val::Cc1ccc(NC(=O)CC2SCCNC2=O)cc1Cl__gen0000,0.0,0.5155561864376068,0.0,0.0,1.0
val::Cc1ccc(NC(=O)CN2C(=O)NC(C)(c3ccc(Cl)cc3)C2=O)cc1S(=O)(=O)N1CCOCC1__gen0001,0.0,0.6829811930656433,0.0,0.0,1.0
val::Cc1ccc(NC(=O)CNC(=O)c2cccs2)cc1S(=O)(=O)Nc1ccc(Cl)cc1__gen0000,0.0,0.5101190581917763,0.0,0.0,1.0
val::Cc1ccc(NC(=O)c2cc([N+](=O)[O-])ccc2NCc2cccnc2)cc1Cl__gen0000,0.0,0.6546073853969574,0.0,0.0,1.0
val::Cc1ccc(NC(=S)N_N=C2_CCCCc3ccccc32)cc1__gen0001,0.0,0.7290757149457932,0.0,0.0,1.0
val::Cc1ccc(NC2CCCN(C(=O)c3cccs3)C2)cc1C__gen0000,0.0,0.5838520228862762,0.0,0.0,1.0
val::Cc1ccc(Nc2nc3nonc3[nH]c2=O)cc1__gen0001,0.0,0.3835425302386284,0.0,0.0,1.0
val::Cc1ccc(S(=O)(=O)N2CCCCC2)cc1NC(=O)COC(=O)Cc1cccc(C(F)(F)F)c1__gen0001::cartesian_s1_u0.350,0.0,0.7911256402730942,0.0,0.0,1.0
val::Cc1ccc(S(=O)(=O)N2CCCCC2)cc1NC(=O)COC(=O)Cc1cccc(C(F)(F)F)c1__gen0001::cartesian_s2_u0.350,0.0,0.7877508997917175,0.0,0.0,1.0
val::Cc1ccc(S(=O)(=O)N2CCN(c3ccc4nnc(-c5ccc(F)cc5)n4n3)CC2)cc1__gen0001::cartesian_s1_u0.350,0.0,0.5656848698854446,0.0,0.0,1.0
val::Cc1ccc(S(=O)(=O)N2CCN(c3ccc4nnc(-c5ccc(F)cc5)n4n3)CC2)cc1__gen0001::cartesian_s2_u0.350,0.0,0.6360114812850952,0.0,0.0,1.0
val::Cc1ccc(S(=O)(=O)NCC(C)NS(C)(=O)=O)cc1__gen0000::cartesian_s1_u0.350,0.0,0.8150245696306229,0.0,0.0,1.0
val::Cc1ccc(S(=O)(=O)NCC(C)NS(C)(=O)=O)cc1__gen0000::cartesian_s2_u0.350,0.0,0.7876434624195099,0.0,0.0,1.0
val::Cc1ccc(S(=O)(=O)NCCSCc2ccco2)cc1__gen0000::cartesian_s1_u0.350,0.0,0.4034034162759781,0.0,0.0,1.0
val::Cc1ccc(S(=O)(=O)NCCSCc2ccco2)cc1__gen0000::cartesian_s2_u0.350,0.0,0.5131402611732483,0.0,0.0,1.0
val::Cc1ccc(S(=O)(=O)Oc2ccc(_C=C3\N=C(c4cccc(C)c4)OC3=O)cc2)cc1__gen0001,0.0,0.6045919805765152,0.0,0.0,1.0
val::Cc1ccc(SC(C)C(=O)Nc2ccncc2)cc1__gen0001::cartesian_s1_u0.350,0.0,0.6062580198049545,0.0,0.0,1.0
val::Cc1ccc(SC(C)C(=O)Nc2ccncc2)cc1__gen0001::cartesian_s2_u0.350,0.0,0.7075148373842239,0.0,0.0,1.0
val::Cc1ccc(SCC(=O)Nc2ccc3c(c2)C(=O)N(C)C3=O)cc1__gen0001,0.0,0.6832746863365173,0.0,0.0,1.0
val::Cc1ccc(_C(C#N)=C\c2ccc(N3CCOCC3)o2)cc1__gen0001::cartesian_s1_u0.350,0.0,0.5742478370666504,0.0,0.0,1.0
val::Cc1ccc(_C(C#N)=C\c2ccc(N3CCOCC3)o2)cc1__gen0001::cartesian_s2_u0.350,0.0,0.7242983877658844,0.0,0.0,1.0
val::Cc1ccc(_C=C2_SC(=S)N(C3CCCCC3)C2=O)o1__gen0000::cartesian_s1_u0.350,0.0,0.5877807438373566,0.0,0.0,1.0
val::Cc1ccc(_C=C2_SC(=S)N(C3CCCCC3)C2=O)o1__gen0000::cartesian_s2_u0.350,0.0,0.5457608997821808,0.0,0.0,1.0
val::Cc1ccc(_C=N_NC(=O)CCCOc2ccc(Cl)cc2Cl)cc1[N+](=O)[O-]__gen0000,0.0,0.7211416959762573,0.0,0.0,1.0
val::Cc1ccc2nc(NC(=O)c3cccs3)sc2c1__gen0000,0.0,0.3096560835838318,0.0,0.0,1.0
val::Cc1ccc2nc(Nc3nc(CSc4nnnn4-c4ccccc4)cc(=O)[nH]3)nc(C)c2c1__gen0000,0.0,0.4587591290473938,0.0,0.0,1.0
val::Cc1cccc(C(=O)OC2CCOC2=O)c1O__gen0000,0.0,0.585059329867363,0.0,0.0,1.0
val::Cc1cccc(C)c1N1CCN(c2c(C)cccc2C)CC1__gen0000,0.0,0.8621117323637009,0.0,0.0,1.0
val::Cc1cccc(CNS(=O)(=O)c2ccc(-c3cnc(C4CC4)o3)cc2)c1__gen0000,0.0,0.43749404698610306,0.0,0.0,1.0
val::Cc1cccc(N2CCN(S(=O)(=O)c3cc4c(cc3Cl)NC(=O)CO4)CC2)c1C__gen0001::cartesian_s1_u0.350,0.0,0.7165015339851379,0.0,0.0,1.0
val::Cc1cccc(N2CCN(S(=O)(=O)c3cc4c(cc3Cl)NC(=O)CO4)CC2)c1C__gen0001::cartesian_s2_u0.350,0.0,0.7148557156324387,0.0,0.0,1.0
val::Cc1cccc(OC(=O)c2sc(Cl)nc2C)c1__gen0001::cartesian_s1_u0.350,0.0,0.4839416891336441,0.0,0.0,1.0
val::Cc1cccc(OC(=O)c2sc(Cl)nc2C)c1__gen0001::cartesian_s2_u0.350,0.0,0.5715075880289078,0.0,0.0,1.0
val::Cc1cccc(OCC(=O)NCc2ccc(F)cc2)c1__gen0000,0.0,0.7764767408370972,0.0,0.0,1.0
val::Cc1cccc2cc(CN(CC3CCCO3)C(=O)c3ccncc3)c(=O)[nH]c12__gen0001::cartesian_s1_u0.350,0.0,0.6535604447126389,0.0,0.0,1.0
val::Cc1cccc2cc(CN(CC3CCCO3)C(=O)c3ccncc3)c(=O)[nH]c12__gen0001::cartesian_s2_u0.350,0.0,0.6607737690210342,0.0,0.0,1.0
val::Cc1cccc2cc(_C=C_C(=O)c3ccco3)c(Cl)nc12__gen0001::cartesian_s1_u0.350,0.0,0.48885027319192886,0.0,0.0,1.0
val::Cc1cccc2cc(_C=C_C(=O)c3ccco3)c(Cl)nc12__gen0001::cartesian_s2_u0.350,0.0,0.5638623833656311,0.0,0.0,1.0
val::Cc1ccccc1C(=O)N1CCC(n2nccc2NC(=O)CCOc2ccccc2)CC1__gen0001::cartesian_s1_u0.350,0.0,0.6514506042003632,0.0,0.0,1.0
val::Cc1ccccc1C(=O)N1CCC(n2nccc2NC(=O)CCOc2ccccc2)CC1__gen0001::cartesian_s2_u0.350,0.0,0.7269193381071091,0.0,0.0,1.0
val::Cc1ccccc1NC(=O)c1cccnc1__gen0001::cartesian_s1_u0.350,0.0,0.6629548519849777,0.0,0.0,1.0
val::Cc1ccccc1NC(=O)c1cccnc1__gen0001::cartesian_s2_u0.350,0.0,0.6890904307365417,0.0,0.0,1.0
val::Cc1ccccc1NC1=NC(=S)N(c2ccccc2)C12CCOC(C)(C)C2__gen0001,0.0,0.7656563371419907,0.0,0.0,1.0
val::Cc1ccccc1OCC(=O)N_N=C_c1ccc(N(C)C)cc1__gen0001::cartesian_s1_u0.350,0.0,0.8180520683526993,0.0,0.0,1.0
val::Cc1ccccc1OCC(=O)N_N=C_c1ccc(N(C)C)cc1__gen0001::cartesian_s2_u0.350,0.0,0.8129966855049133,0.0,0.0,1.0
val::Cc1cnc(C(=O)OCC(=O)NC(C)CCc2ccccc2)cn1__gen0001,0.0,0.7553520500659943,0.0,0.0,1.0
val::Cc1csc(NC(=O)CSc2nsc(SCC(=O)Nc3nc(C)cs3)c2C#N)n1__gen0001::cartesian_s1_u0.350,0.0,0.2639074958860874,0.0,0.0,1.0
val::Cc1csc(NC(=O)CSc2nsc(SCC(=O)Nc3nc(C)cs3)c2C#N)n1__gen0001::cartesian_s2_u0.350,0.0,0.1850525178015232,0.0,0.0,1.0
val::Cc1csc(SCc2nnc(-c3ccccc3Br)o2)n1__gen0001,0.0,0.28797697275877,0.0,0.0,1.0
val::Cc1nc(-c2ccc(NC(=O)C(C)(C)C)cc2)c(-c2ccccc2)o1__gen0001,0.0,0.7432159334421158,0.0,0.0,1.0
val::Cc1nc(NCCNC(=O)c2ccco2)c2c(C)c(C)sc2n1__gen0000,0.0,0.5522363781929016,0.0,0.0,1.0
val::Cc1nc2ccc(NC(=O)Cc3c(F)cccc3Cl)cc2s1__gen0000,0.0,0.5118532851338387,0.0,0.0,1.0
val::Cc1nc2ccccc2c2oc(C(=O)NCCCN3CCCC3=O)cc12__gen0000,0.0,0.6957444995641708,0.0,0.0,1.0
val::Cc1nn(-c2ccccc2)c(Cl)c1CN(C(=O)CCl)c1cccc2ccccc12__gen0001::cartesian_s1_u0.350,0.0,0.6086139529943466,0.0,0.0,1.0
val::Cc1nn(-c2ccccc2)c(Cl)c1CN(C(=O)CCl)c1cccc2ccccc12__gen0001::cartesian_s2_u0.350,0.0,0.6228255331516266,0.0,0.0,1.0
val::Cc1nn(C)c(Cl)c1CN1CCN(C2CCCCC2)C(CCO)C1__gen0001::cartesian_s1_u0.350,0.0,0.7736837565898895,0.0,0.0,1.0
val::Cc1nn(C)c(Cl)c1CN1CCN(C2CCCCC2)C(CCO)C1__gen0001::cartesian_s2_u0.350,0.0,0.7230909615755081,0.0,0.0,1.0
val::Cc1nn(C)cc1_C=N\NC(=O)c1ccc2c(c1)c(C)c(C)n2Cc1ccccc1__gen0001,0.0,0.727680116891861,0.0,0.0,1.0
val::Cc1nnc(SCC(=O)NC(=O)NCc2ccco2)s1__gen0001,0.0,0.35857274383306503,0.0,0.0,1.0
val::Cc1nnc2ccc(N3CCCC3)nn12__gen0000,0.0,0.6051065772771835,0.0,0.0,1.0
val::Cc1onc(-c2ccccc2)c1NC(=O)Nc1ccc(OC(F)F)cc1__gen0001::cartesian_s1_u0.350,0.0,0.515130989253521,0.0,0.0,1.0
val::Cc1onc(-c2ccccc2)c1NC(=O)Nc1ccc(OC(F)F)cc1__gen0001::cartesian_s2_u0.350,0.0,0.6348399966955185,0.0,0.0,1.0
val::Cc1sc2nc(C(C)Sc3nnc(C)n3-c3ccccc3)[nH]c(=O)c2c1C__gen0001::cartesian_s1_u0.350,0.0,0.48921894282102585,0.0,0.0,1.0
val::Cc1sc2nc(C(C)Sc3nnc(C)n3-c3ccccc3)[nH]c(=O)c2c1C__gen0001::cartesian_s2_u0.350,0.0,0.4771546944975853,0.0,0.0,1.0
val::Clc1cccc(CN2CCN(Cc3nc(CCc4ccccc4)no3)CC2)c1__gen0000,0.0,0.5572774708271027,0.0,0.0,1.0
val::Cn1c(=O)c2c(SCC(=O)Nc3nccs3)nc(C3CC3)nc2n(C)c1=O__gen0001,0.0,0.3989109769463539,0.0,0.0,1.0
val::Cn1c(=O)cc(SCC(=O)NCCCN2CCN(c3ccccc3F)CC2)c2ccccc21__gen0000::cartesian_s1_u0.350,0.0,0.6510075181722641,0.0,0.0,1.0
val::Cn1c(=O)cc(SCC(=O)NCCCN2CCN(c3ccccc3F)CC2)c2ccccc21__gen0000::cartesian_s2_u0.350,0.0,0.6491591036319733,0.0,0.0,1.0
val::Cn1c(CCN2CCCCC2)nc2cc([N+](=O)[O-])ccc21__gen0001,0.0,0.7164671421051025,0.0,0.0,1.0
val::Cn1c(Cn2c(=O)sc3ccccc32)nnc1SCC(=O)Nc1ccccc1F__gen0001::cartesian_s1_u0.350,0.0,0.39575131982564926,0.0,0.0,1.0
val::Cn1c(Cn2c(=O)sc3ccccc32)nnc1SCC(=O)Nc1ccccc1F__gen0001::cartesian_s2_u0.350,0.0,0.41321035474538803,0.0,0.0,1.0
val::Cn1c(NC(=O)c2ccc(Cl)cc2)c(-c2ccccn2)c(=O)c2ccccc21__gen0001,0.0,0.5934996902942657,0.0,0.0,1.0
val::Cn1cc(C(=O)NCc2cccnc2)c(=O)c2cc(S(=O)(=O)N3CCCCCC3)ccc21__gen0001::cartesian_s1_u0.350,0.0,0.7615385502576828,0.0,0.0,1.0
val::Cn1cc(C(=O)NCc2cccnc2)c(=O)c2cc(S(=O)(=O)N3CCCCCC3)ccc21__gen0001::cartesian_s2_u0.350,0.0,0.7564401626586914,0.0,0.0,1.0
val::Cn1cc(C(=O)c2ccc(Cl)cc2)cc1-c1nc2ccccc2n1C__gen0001::cartesian_s1_u0.350,0.0,0.5887081176042557,0.0,0.0,1.0
val::Cn1cc(C(=O)c2ccc(Cl)cc2)cc1-c1nc2ccccc2n1C__gen0001::cartesian_s2_u0.350,0.0,0.5922805964946747,0.0,0.0,1.0
val::Cn1cc(CN2CCN(c3ccccc3)CC2)c2ccccc21__gen0000,0.0,0.6587447077035904,0.0,0.0,1.0
val::Cn1cc(S(=O)(=O)N2CCCC2)cc1C(=O)NCc1ccccc1__gen0001,0.0,0.6350519508123398,0.0,0.0,1.0
val::Cn1cccc1Cc1nnc(SCC(=O)NCc2ccc(F)cc2)n1-c1ccc(F)cc1__gen0001,0.0,0.5126693099737167,0.0,0.0,1.0
val::Cn1nnnc1SCC(=O)Nc1ccccc1Cc1ccccc1__gen0000::cartesian_s1_u0.350,0.0,0.47924593836069107,0.0,0.0,1.0
val::Cn1nnnc1SCC(=O)Nc1ccccc1Cc1ccccc1__gen0000::cartesian_s2_u0.350,0.0,0.6066141873598099,0.0,0.0,1.0
val::Fc1ccc(CN2CCCCCC2)c(F)c1__gen0001::cartesian_s1_u0.350,0.0,0.8405484855175018,0.0,0.0,1.0
val::Fc1ccc(CN2CCCCCC2)c(F)c1__gen0001::cartesian_s2_u0.350,0.0,0.8687281161546707,0.0,0.0,1.0
val::Fc1ccc(CNc2ccc(CNc3ncn[nH]3)cc2)cc1__gen0000,0.0,0.45764103531837463,0.0,0.0,1.0
val::Fc1ccc(NC(=S)Nc2cccnc2)c(F)c1F__gen0001,0.0,0.26009857282042503,0.0,0.0,1.0
val::Fc1cccc(CN2CCN(c3ncccn3)CC2)c1__gen0000::cartesian_s1_u0.350,0.0,0.622749388217926,0.0,0.0,1.0
val::Fc1cccc(CN2CCN(c3ncccn3)CC2)c1__gen0000::cartesian_s2_u0.350,0.0,0.7148071527481079,0.0,0.0,1.0
val::N#CC(C#N)=C(Nc1ccccc1)c1ccccc1__gen0000,0.0,0.3461058437824249,0.0,0.0,1.0
val::N#CCCN1CCN(S(=O)(=O)c2ccc(S(=O)(=O)NC3CCCCC3)cc2)CC1__gen0001,0.0,0.7182444185018539,0.0,0.0,1.0
val::N#Cc1c(NC(=O)CCN2C(=O)c3ccccc3C2=O)oc(-c2ccccc2)c1-c1ccccc1__gen0001,0.0,0.49306921660900116,0.0,0.0,1.0
val::N#Cc1ccccc1NC(=O)CNc1ccc(Cl)c(C(F)(F)F)c1__gen0000,0.0,0.5802125632762909,0.0,0.0,1.0
val::N#Cc1cn(CC(=O)NCCc2c[nH]c3ccccc23)c2ccccc12__gen0001,0.0,0.5748599022626877,0.0,0.0,1.0
val::N#Cc1nc(-c2ccccc2Cl)oc1NCC1CCCO1__gen0000,0.0,0.4376954361796379,0.0,0.0,1.0
val::N=C([NH3+])NCCCCN__gen0001,0.0,0.7877343446016312,0.0,0.0,1.0
val::NC(=O)COc1ccc(C23CC4CC(CC(C4)C2)C3)cc1__gen0000,0.0,0.7928507626056671,0.0,0.0,1.0
val::NC(=O)CSc1nnc(-c2ccncc2)o1__gen0001,0.0,0.2547449879348278,0.0,0.0,1.0
val::NC(=O)C[C@H](N)C(=O)O__gen0000::cartesian_s1_u0.350,0.0,0.636449933052063,0.0,0.0,1.0
val::NC(=O)C[C@H](N)C(=O)O__gen0000::cartesian_s2_u0.350,0.0,0.7054644525051117,0.0,0.0,1.0
val::NC(=O)SCC(=O)Nc1cccc(Cl)c1__gen0001,0.0,0.40088894963264465,0.0,0.0,1.0
val::NC(N)=NC(N)=Nc1ccc2ccccc2c1__gen0000,0.0,0.697257399559021,0.0,0.0,1.0
val::NC(N)=N_N=C_c1cn(-c2ccccc2)nc1-c1cccs1__gen0000,0.0,0.2064475603401661,0.0,0.0,1.0
val::NC1=NC2(CCN(Cc3ccccc3)CC2)n2c(nc3ccccc32)N1__gen0001::cartesian_s1_u0.350,0.0,0.5843360722064972,0.0,0.0,1.0
val::NC1=NC2(CCN(Cc3ccccc3)CC2)n2c(nc3ccccc32)N1__gen0001::cartesian_s2_u0.350,0.0,0.5805145502090454,0.0,0.0,1.0
val::NCCCC[C@@H]1NC(=O)[C@H](CCC(=O)O)NC(=O)c2cc([N+](=O)[O-])cc(I)c2OCC[C@@H](C(N)=O)NC1=O__gen0000,0.0,0.6415742039680481,0.0,0.0,1.0
val::NNC(=O)CN1C(c2cccc(Cl)c2)=Nc2ccc(Br)cc2C1c1ccccc1__gen0000,0.0,0.5794648975133896,0.0,0.0,1.0
val::NS(=O)(=O)c1ccc(NC(=S)NC(=O)C2CCCCC2)cc1__gen0001::cartesian_s1_u0.350,0.0,0.7870945185422897,0.0,0.0,1.0
val::NS(=O)(=O)c1ccc(NC(=S)NC(=O)C2CCCCC2)cc1__gen0001::cartesian_s2_u0.350,0.0,0.8569231927394867,0.0,0.0,1.0
val::Nc1nc(Sc2ccc([N+](=O)[O-])cc2[N+](=O)[O-])n[nH]1__gen0000,0.0,0.2338932827115059,0.0,0.0,1.0
val::O=C(C1=C[C@@H]2[C@H]3C(=O)N(c4ccc(Cl)cc4)C(=O)[C@H]3[C@@H](C(=O)c3ccc(Cl)cc3)N2C=C1)c1ccccc1__gen0001::cartesian_s1_u0.350,0.0,0.5732554793357849,0.0,0.0,1.0
val::O=C(C1=C[C@@H]2[C@H]3C(=O)N(c4ccc(Cl)cc4)C(=O)[C@H]3[C@@H](C(=O)c3ccc(Cl)cc3)N2C=C1)c1ccccc1__gen0001::cartesian_s2_u0.350,0.0,0.6073941588401794,0.0,0.0,1.0
val::O=C(CC(C(=O)O)C1CCCO1)NCc1ccccc1__gen0001::cartesian_s1_u0.350,0.0,0.7018586993217468,0.0,0.0,1.0
val::O=C(CC(C(=O)O)C1CCCO1)NCc1ccccc1__gen0001::cartesian_s2_u0.350,0.0,0.7687329798936844,0.0,0.0,1.0
val::O=C(CC1CCCC1)Nc1nc2ccccc2[nH]1__gen0000,0.0,0.6575814038515091,0.0,0.0,1.0
val::O=C(CCC1CCCN(C(=O)Cn2cnnn2)C1)NCc1ccccc1F__gen0001::cartesian_s1_u0.350,0.0,0.5501218140125275,0.0,0.0,1.0
val::O=C(CCC1CCCN(C(=O)Cn2cnnn2)C1)NCc1ccccc1F__gen0001::cartesian_s2_u0.350,0.0,0.6346330791711807,0.0,0.0,1.0
val::O=C(CCCCC(=O)NCCCc1ccccc1)NCCCc1ccccc1__gen0000::cartesian_s1_u0.350,0.0,0.863725021481514,0.0,0.0,1.0
val::O=C(CCCCC(=O)NCCCc1ccccc1)NCCCc1ccccc1__gen0000::cartesian_s2_u0.350,0.0,0.8638885021209717,0.0,0.0,1.0
val::O=C(CCNS(=O)(=O)c1cccc2nsnc12)NCc1ccco1__gen0001,0.0,0.3207704871892929,0.0,0.0,1.0
val::O=C(CCc1ccccc1)NNC(=O)c1ccc(NC(=O)c2ccccc2)cc1__gen0001::cartesian_s1_u0.350,0.0,0.6830624938011169,0.0,0.0,1.0
val::O=C(CCc1ccccc1)NNC(=O)c1ccc(NC(=O)c2ccccc2)cc1__gen0001::cartesian_s2_u0.350,0.0,0.7535699307918549,0.0,0.0,1.0
val::O=C(CCc1ccccc1)Nc1ccccc1C(F)(F)F__gen0001,0.0,0.6521559655666351,0.0,0.0,1.0
val::O=C(CCl)N1CCN(c2ccc(Cl)cc2[N+](=O)[O-])CC1__gen0000,0.0,0.6706712245941162,0.0,0.0,1.0
val::O=C(CN1CCN(C2CCCCC2)CC1)Nc1ccccc1[NH+]1CCCCC1__gen0000,0.0,0.7419862300157547,0.0,0.0,1.0
val::O=C(CN1CC[NH+](C(c2ccccc2)c2ccccc2)CC1)N1CCOCC1__gen0001,0.0,0.6548278629779816,0.0,0.0,1.0
val::O=C(CNC(=O)c1cccs1)NCCN1CCC(Cc2ccccc2)CC1__gen0001::cartesian_s1_u0.350,0.0,0.6283597648143768,0.0,0.0,1.0
val::O=C(CNC(=O)c1cccs1)NCCN1CCC(Cc2ccccc2)CC1__gen0001::cartesian_s2_u0.350,0.0,0.6347764879465103,0.0,0.0,1.0
val::O=C(CNS(=O)(=O)c1cccc2nonc12)NCc1ccc(F)cc1__gen0000::cartesian_s1_u0.350,0.0,0.4272003397345543,0.0,0.0,1.0
val::O=C(CNS(=O)(=O)c1cccc2nonc12)NCc1ccc(F)cc1__gen0000::cartesian_s2_u0.350,0.0,0.454291507601738,0.0,0.0,1.0
val::O=C(COC(=O)C1CCC1)NCc1ccccc1Cl__gen0001,0.0,0.5995480865240097,0.0,0.0,1.0
val::O=C(COC(=O)C1CCCCC1)Nc1cc([N+](=O)[O-])ccc1F__gen0001,0.0,0.7551461160182953,0.0,0.0,1.0
val::O=C(COC(=O)_C=C_c1ccc2c(c1)OCO2)Nc1ccccc1__gen0000::cartesian_s1_u0.350,0.0,0.4901087358593941,0.0,0.0,1.0
val::O=C(COC(=O)_C=C_c1ccc2c(c1)OCO2)Nc1ccccc1__gen0000::cartesian_s2_u0.350,0.0,0.6602579653263092,0.0,0.0,1.0
val::O=C(COC(=O)c1c(Cl)cccc1Cl)Nc1cc(Cl)ccc1Oc1ccccc1__gen0001,0.0,0.6124968379735947,0.0,0.0,1.0
val::O=C(COC(=O)c1c2c(nc3ccccc13)_C(=C_c1ccco1)CC2)NC1CCCC1__gen0001::cartesian_s1_u0.350,0.0,0.6358131021261215,0.0,0.0,1.0
val::O=C(COC(=O)c1c2c(nc3ccccc13)_C(=C_c1ccco1)CC2)NC1CCCC1__gen0001::cartesian_s2_u0.350,0.0,0.6325371414422989,0.0,0.0,1.0
val::O=C(COc1ccccc1)N1CC[NH+](CC2CC3C=CC2C3)CC1__gen0000,0.0,0.6715830266475677,0.0,0.0,1.0
val::O=C(COc1ccccc1Cl)N1CCCCCCC1__gen0001::cartesian_s1_u0.350,0.0,0.7671424895524979,0.0,0.0,1.0
val::O=C(COc1ccccc1Cl)N1CCCCCCC1__gen0001::cartesian_s2_u0.350,0.0,0.8701981753110886,0.0,0.0,1.0
val::O=C(CSC1=NNC(c2ccccn2)S1)Nc1ccccc1__gen0000::cartesian_s1_u0.350,0.0,0.07488473411649466,0.0,0.0,1.0
val::O=C(CSC1=NNC(c2ccccn2)S1)Nc1ccccc1__gen0000::cartesian_s2_u0.350,0.0,0.19542573764920235,0.0,0.0,1.0
val::O=C(CSc1ccc(F)cc1)Nc1ccc(Br)cc1__gen0000::cartesian_s1_u0.350,0.0,0.587183490395546,0.0,0.0,1.0
val::O=C(CSc1ccc(F)cc1)Nc1ccc(Br)cc1__gen0000::cartesian_s2_u0.350,0.0,0.6297345906496048,0.0,0.0,1.0
val::O=C(CSc1nc2ncccc2[nH]1)NC1CCCC1__gen0000,0.0,0.5453823953866959,0.0,0.0,1.0
val::O=C(CSc1nnc(-c2ccccc2Br)o1)Nc1cccc2ccccc12__gen0000,0.0,0.31616056710481644,0.0,0.0,1.0
val::O=C(CSc1nnc(-c2cccs2)n1Cc1ccccc1)N1CCc2ccccc2C1__gen0000::cartesian_s1_u0.350,0.0,0.37758009135723114,0.0,0.0,1.0
val::O=C(CSc1nnc(-c2cccs2)n1Cc1ccccc1)N1CCc2ccccc2C1__gen0000::cartesian_s2_u0.350,0.0,0.5237969383597374,0.0,0.0,1.0
val::O=C(C[n+]1cc(Br)cc2ccccc21)c1ccc(Cl)cc1__gen0001,0.0,0.6640866696834564,0.0,0.0,1.0
val::O=C(NC(=S)N(CCc1ccccc1)CCc1ccccc1)c1ccco1__gen0000::cartesian_s1_u0.350,0.0,0.5577849745750427,0.0,0.0,1.0
val::O=C(NC(=S)N(CCc1ccccc1)CCc1ccccc1)c1ccco1__gen0000::cartesian_s2_u0.350,0.0,0.6752437502145767,0.0,0.0,1.0
val::O=C(NC(NC(=S)Nc1ccc(F)c([N+](=O)[O-])c1)C(Cl)(Cl)Cl)C(c1ccccc1)c1ccccc1__gen0000,0.0,0.3687165454030037,0.0,0.0,1.0
val::O=C(NC1CCCC1)C1CCC(CNS(=O)(=O)c2ccc(F)cc2)CC1__gen0000,0.0,0.767766073346138,0.0,0.0,1.0
val::O=C(NC1CCCCCCC1)c1ccc2c(c1)OCO2__gen0000::cartesian_s1_u0.350,0.0,0.674508661031723,0.0,0.0,1.0
val::O=C(NC1CCCCCCC1)c1ccc2c(c1)OCO2__gen0000::cartesian_s2_u0.350,0.0,0.724572166800499,0.0,0.0,1.0
val::O=C(NCC(=O)N(Cc1ccc(F)cc1)C(C(=O)NCC1CCCO1)c1ccccc1)c1ccco1__gen0000::cartesian_s1_u0.350,0.0,0.539727583527565,0.0,0.0,1.0
val::O=C(NCC(=O)N(Cc1ccc(F)cc1)C(C(=O)NCC1CCCO1)c1ccccc1)c1ccco1__gen0000::cartesian_s2_u0.350,0.0,0.6538524478673935,0.0,0.0,1.0
val::O=C(NCC1CCCN(C(=O)c2cc(Cl)ccc2F)C1)c1ccc(F)cc1__gen0000::cartesian_s1_u0.350,0.0,0.73379285633564,0.0,0.0,1.0
val::O=C(NCC1CCCN(C(=O)c2cc(Cl)ccc2F)C1)c1ccc(F)cc1__gen0000::cartesian_s2_u0.350,0.0,0.8100351691246033,0.0,0.0,1.0
val::O=C(NCCCN1CCCCC1)C1CCN(c2ncnc3c2nc2n3CCCCC2)CC1__gen0001,0.0,0.7187301069498062,0.0,0.0,1.0
val::O=C(NCCCN1CCOCC1)c1cc(-c2cccs2)on1__gen0000,0.0,0.3831743076443672,0.0,0.0,1.0
val::O=C(NCCN1CCOCC1)N1c2ccccc2Sc2ccccc21__gen0000::cartesian_s1_u0.350,0.0,0.5050488114356995,0.0,0.0,1.0
val::O=C(NCCN1CCOCC1)N1c2ccccc2Sc2ccccc21__gen0000::cartesian_s2_u0.350,0.0,0.6195845752954483,0.0,0.0,1.0
val::O=C(NCC[NH+]1CCN(c2ccccc2)CC1)c1ccccc1F__gen0001::cartesian_s1_u0.350,0.0,0.7609934955835342,0.0,0.0,1.0
val::O=C(NCC[NH+]1CCN(c2ccccc2)CC1)c1ccccc1F__gen0001::cartesian_s2_u0.350,0.0,0.8388957232236862,0.0,0.0,1.0
val::O=C(NCCc1ccccc1)c1cc(-c2ccco2)on1__gen0001::cartesian_s1_u0.350,0.0,0.4060601517558098,0.0,0.0,1.0
val::O=C(NCCc1ccccc1)c1cc(-c2ccco2)on1__gen0001::cartesian_s2_u0.350,0.0,0.434966541826725,0.0,0.0,1.0
val::O=C(NCCc1cccs1)C1CC1__gen0001::cartesian_s1_u0.350,0.0,0.36608074605464935,0.0,0.0,1.0
val::O=C(NCCc1cccs1)C1CC1__gen0001::cartesian_s2_u0.350,0.0,0.2937331721186638,0.0,0.0,1.0
val::O=C(NCc1ccc(Cl)cc1)C1CCN(S(=O)(=O)c2ccccc2)CC1__gen0000::cartesian_s1_u0.350,0.0,0.7028471380472183,0.0,0.0,1.0
val::O=C(NCc1ccc(Cl)cc1)C1CCN(S(=O)(=O)c2ccccc2)CC1__gen0000::cartesian_s2_u0.350,0.0,0.794042557477951,0.0,0.0,1.0
val::O=C(NCc1ccc(F)cc1)c1ccc(N2CCc3ccccc32)c([N+](=O)[O-])c1__gen0000,0.0,0.6549046635627747,0.0,0.0,1.0
val::O=C(NCc1cccs1)C1CCN(S(=O)(=O)c2ccc3c(c2)OCCO3)CC1__gen0000,0.0,0.4423997476696968,0.0,0.0,1.0
val::O=C(NNS(=O)(=O)c1ccc(F)cc1)c1ccc2c(c1)OCO2__gen0000::cartesian_s1_u0.350,0.0,0.37701524049043655,0.0,0.0,1.0
val::O=C(NNS(=O)(=O)c1ccc(F)cc1)c1ccc2c(c1)OCO2__gen0000::cartesian_s2_u0.350,0.0,0.4209216237068176,0.0,0.0,1.0
val::O=C(Nc1ccc2c(c1)OCCO2)c1cnccn1__gen0001,0.0,0.28545786440372467,0.0,0.0,1.0
val::O=C(Nc1ccccc1)Nc1ccc(-n2ccc(C(F)(F)F)n2)cc1__gen0001,0.0,0.30041299387812614,0.0,0.0,1.0
val::O=C(Nc1ccccc1)Nc1ccno1__gen0001,0.0,0.1149089690297842,0.0,0.0,1.0
val::O=C(Nc1ccccc1Cl)_C(Cl)=C(\Cl)S(=O)c1ccccc1__gen0001,0.0,0.35307925939559937,0.0,0.0,1.0
val::O=C(Nc1ccccc1Cl)c1cc[n+]([O-])cc1__gen0000,0.0,0.2755562849342823,0.0,0.0,1.0
val::O=C(Nc1ccnn1C1CCN(Cc2c(F)cccc2Cl)CC1)C1CCCC1__gen0001,0.0,0.6448081731796265,0.0,0.0,1.0
val::O=C(O)C1C2C=CC(C2)C1C(=O)NCc1ccc(Cl)cc1Cl__gen0001,0.0,0.5587608814239502,0.0,0.0,1.0
val::O=C(O)C1C2C=CC3(CN(C_C=C_c4ccccc4)C(=O)C13)O2__gen0000,0.0,0.44004057347774506,0.0,0.0,1.0
val::O=C(O)C1CCN(S(=O)(=O)c2cccs2)CC1__gen0000,0.0,0.3944991007447243,0.0,0.0,1.0
val::O=C(O)CN1C(=O)_C(=C\c2ccccc2OCc2ccc(Cl)cc2Cl)SC1=S__gen0001,0.0,0.4592469856142998,0.0,0.0,1.0
val::O=C(O)CN1C(=O)_C(=C\c2cn(CC(=O)N3CCOCC3)c3ccccc23)SC1=S__gen0001,0.0,0.46483880281448364,0.0,0.0,1.0
val::O=C(O)CNC(=O)c1ccccc1Br__gen0000,0.0,0.5178804397583008,0.0,0.0,1.0
val::O=C(O)c1cc(NC(=O)c2cccs2)cc(NC(=O)c2cccs2)c1__gen0001,0.0,0.11141342483460903,0.0,0.0,1.0
val::O=C(O)c1ccc(C[NH+]2CCCCC2)o1__gen0000::cartesian_s1_u0.350,0.0,0.7093981802463531,0.0,0.0,1.0
val::O=C(O)c1ccc(C[NH+]2CCCCC2)o1__gen0000::cartesian_s2_u0.350,0.0,0.7590906023979187,0.0,0.0,1.0
val::O=C(O)c1ccccc1C(=O)c1ccc(Br)s1__gen0001,0.0,0.12064673937857151,0.0,0.0,1.0
val::O=C(OCC1OC(n2cc(Br)c(=O)[nH]c2=O)C(Br)C1O)c1ccccc1__gen0000::cartesian_s1_u0.350,0.0,0.2684558182954788,0.0,0.0,1.0
val::O=C(OCC1OC(n2cc(Br)c(=O)[nH]c2=O)C(Br)C1O)c1ccccc1__gen0000::cartesian_s2_u0.350,0.0,0.24451753124594688,0.0,0.0,1.0
val::O=C(_C=C_c1ccco1)NCC1COc2ccccc2O1__gen0000,0.0,0.4326580613851547,0.0,0.0,1.0
val::O=C(c1cc(-c2ccc(Cl)cc2)on1)N1CCOCC1__gen0000,0.0,0.41876012086868286,0.0,0.0,1.0
val::O=C(c1cc2sccc2n1Cc1ccc(F)cc1)N1CCCc2ccccc21__gen0001,0.0,0.487565353512764,0.0,0.0,1.0
val::O=C1C2C(c3cccc(_C=C_c4ccccc4)c3)CC=CC2C(c2ccc3ccccc3c2)N1Cc1ccccc1__gen0001,0.0,0.6255257278680801,0.0,0.0,1.0
val::O=C1CC(N2CCc3ccccc32)C(=O)N1c1ccc(F)cc1__gen0000,0.0,0.66474848985672,0.0,0.0,1.0
val::O=C1CCCC(O)=C1C1NCCc2ccccc21__gen0000,0.0,0.6507357209920883,0.0,0.0,1.0
val::O=C1CCCN1CCCNc1ncccc1[N+](=O)[O-]__gen0001,0.0,0.6852582395076752,0.0,0.0,1.0
val::O=C1COc2ccc(C(=O)CSc3nnc(-c4cccs4)n3Cc3ccccc3)cc2N1__gen0000,0.0,0.3171479031443596,0.0,0.0,1.0
val::O=C1NC(=O)N(CCc2ccc(F)cc2)C(=O)_C1=C\C=C\c1ccccc1__gen0000,0.0,0.7431887537240982,0.0,0.0,1.0
val::O=C1NC(=O)N(CCc2ccc(F)cc2)C(=O)_C1=C_C=C_c1ccccc1__gen0000,0.0,0.7613804489374161,0.0,0.0,1.0
val::O=C1NC(=S)N_C1=C_c1cccnc1__gen0001,0.0,0.2804730013012886,0.0,0.0,1.0
val::O=C1c2ccccc2-c2n[nH]c(=O)c3ccc(N4CCCCC4)c1c23__gen0001,0.0,0.6599551141262054,0.0,0.0,1.0
val::O=S(=O)(CCSc1ccc(C(F)(F)F)cn1)c1ccc(Cl)cc1__gen0001,0.0,0.5207629054784775,0.0,0.0,1.0
val::O=S(=O)(CCc1nc2ccccc2o1)c1ccc2ccccc2c1__gen0001,0.0,0.5938972979784012,0.0,0.0,1.0
val::O=S(=O)(NCC(c1cccnc1)N1CCc2ccccc2C1)c1ccccc1__gen0001::cartesian_s1_u0.350,0.0,0.5776883661746979,0.0,0.0,1.0
val::O=S(=O)(NCC(c1cccnc1)N1CCc2ccccc2C1)c1ccccc1__gen0001::cartesian_s2_u0.350,0.0,0.6214799731969833,0.0,0.0,1.0
val::O=S(=O)(Nc1cc2nc3ccccc3nc2n1Cc1ccccc1)c1ccc(Cl)cc1__gen0001::cartesian_s1_u0.350,0.0,0.5409729480743408,0.0,0.0,1.0
val::O=S(=O)(Nc1cc2nc3ccccc3nc2n1Cc1ccccc1)c1ccc(Cl)cc1__gen0001::cartesian_s2_u0.350,0.0,0.5564454346895218,0.0,0.0,1.0
val::O=S(=O)(Nc1ccccn1)c1cccc(S(=O)(=O)c2ccc(Cl)cc2)c1__gen0001::cartesian_s1_u0.350,0.0,0.6210549473762512,0.0,0.0,1.0
val::O=S(=O)(Nc1ccccn1)c1cccc(S(=O)(=O)c2ccc(Cl)cc2)c1__gen0001::cartesian_s2_u0.350,0.0,0.6336108148097992,0.0,0.0,1.0
val::O=S(=O)(c1ccc2c(c1)OCCO2)N1CCc2ccccc21__gen0001::cartesian_s1_u0.350,0.0,0.5830891728401184,0.0,0.0,1.0
val::O=S(=O)(c1ccc2c(c1)OCCO2)N1CCc2ccccc21__gen0001::cartesian_s2_u0.350,0.0,0.6853186339139938,0.0,0.0,1.0
val::O=S1(=O)CCC(NS(=O)(=O)_C=C_c2ccccc2)C1__gen0001::cartesian_s1_u0.350,0.0,0.6843993961811066,0.0,0.0,1.0
val::O=S1(=O)CCC(NS(=O)(=O)_C=C_c2ccccc2)C1__gen0001::cartesian_s2_u0.350,0.0,0.7533560246229172,0.0,0.0,1.0
val::O=[N+]([O-])c1cc(-c2cnc3ccccc3n2)ccc1Oc1ccc(Br)cc1__gen0000,0.0,0.4178674966096878,0.0,0.0,1.0
val::O=[N+]([O-])c1ccc(N2CCC(=NOCc3ccc(Cl)cc3)CC2)cc1__gen0000::cartesian_s1_u0.350,0.0,0.5923732966184616,0.0,0.0,1.0
val::O=[N+]([O-])c1ccc(N2CCC(=NOCc3ccc(Cl)cc3)CC2)cc1__gen0000::cartesian_s2_u0.350,0.0,0.7002023607492447,0.0,0.0,1.0
val::O=c1[nH]c(=O)n(C2CCCCC2)c(O)c1_C=C_C=Nc1ccccc1__gen0001,0.0,0.6789757013320923,0.0,0.0,1.0
val::O=c1[nH]cnc(O)c1C(c1ccc2c(c1)OCO2)c1c(O)nc[nH]c1=O__gen0001,0.0,0.2685230150818825,0.0,0.0,1.0
val::O=c1c(Cc2ccccc2)c([O-])[n+](-c2ccc(Cl)cc2)c2ccc(-c3ccccc3)nn12__gen0001::cartesian_s1_u0.350,0.0,0.5747059434652328,0.0,0.0,1.0
val::O=c1c(Cc2ccccc2)c([O-])[n+](-c2ccc(Cl)cc2)c2ccc(-c3ccccc3)nn12__gen0001::cartesian_s2_u0.350,0.0,0.5918962955474854,0.0,0.0,1.0
val::O=c1c2c(-c3cccs3)csc2ncn1-c1ccccc1__gen0001::cartesian_s1_u0.350,0.0,0.05861592758446932,0.0,0.0,1.0
val::O=c1c2c(-c3cccs3)csc2ncn1-c1ccccc1__gen0001::cartesian_s2_u0.350,0.0,0.10423098877072334,0.0,0.0,1.0
val::O=c1cc(O)n(-c2ccccc2F)c(=S)[nH]1__gen0000,0.0,0.4475264400243759,0.0,0.0,1.0
val::O=c1oc2c3c(nn2c2ccccc12)CCCC3__gen0000::cartesian_s1_u0.350,0.0,0.6307727992534637,0.0,0.0,1.0
val::O=c1oc2c3c(nn2c2ccccc12)CCCC3__gen0000::cartesian_s2_u0.350,0.0,0.5767253637313843,0.0,0.0,1.0
val::O=c1oc2ccccc2cc1-c1csc(Cc2nc(-c3ccc(Br)cc3)cs2)n1__gen0001::cartesian_s1_u0.350,0.0,0.19245870783925056,0.0,0.0,1.0
val::O=c1oc2ccccc2cc1-c1csc(Cc2nc(-c3ccc(Br)cc3)cs2)n1__gen0001::cartesian_s2_u0.350,0.0,0.23532192036509514,0.0,0.0,1.0
val::OC1(c2cccnc2)CC[NH+](Cc2nnnn2C2CCCCC2)CC1__gen0001::cartesian_s1_u0.350,0.0,0.6278036534786224,0.0,0.0,1.0
val::OC1(c2cccnc2)CC[NH+](Cc2nnnn2C2CCCCC2)CC1__gen0001::cartesian_s2_u0.350,0.0,0.5935591012239456,0.0,0.0,1.0
val::Oc1ccc(-c2[nH]ncc2-c2ccc(Br)cc2)c(O)c1__gen0001::cartesian_s1_u0.350,0.0,0.27372245490550995,0.0,0.0,1.0
val::Oc1ccc(-c2[nH]ncc2-c2ccc(Br)cc2)c(O)c1__gen0001::cartesian_s2_u0.350,0.0,0.359323225915432,0.0,0.0,1.0
val::Oc1ncc(NCCc2ccccc2)c(O)n1__gen0001,0.0,0.5274088531732559,0.0,0.0,1.0
val::S=C(NCCc1ccccc1)Nc1ccccc1N1CCOCC1__gen0000,0.0,0.5914927572011948,0.0,0.0,1.0
val::S=C(Nc1ccc(Cl)cc1)NC1CCN(Cc2ccccc2)CC1__gen0001,0.0,0.6291926950216293,0.0,0.0,1.0
val::[NH3+]c1nc(-c2ccc3c(c2)OCCO3)cs1__gen0000,0.0,0.29632607102394104,0.0,0.0,1.0
val::c1ccc(CSCc2cn3ccsc3n2)cc1__gen0000::cartesian_s1_u0.350,0.0,0.17222733423113823,0.0,0.0,1.0
val::c1ccc(CSCc2cn3ccsc3n2)cc1__gen0000::cartesian_s2_u0.350,0.0,0.2127479650080204,0.0,0.0,1.0
val::c1ccc2c(Oc3nc(Nc4ccc(N5CCOCC5)cc4)c4ncn(C5CCCCC5)c4n3)cccc2c1__gen0001::cartesian_s1_u0.350,0.0,0.5671352297067642,0.0,0.0,1.0
val::c1ccc2c(Oc3nc(Nc4ccc(N5CCOCC5)cc4)c4ncn(C5CCCCC5)c4n3)cccc2c1__gen0001::cartesian_s2_u0.350,0.0,0.5303999781608582,0.0,0.0,1.0
val::c1csc(-c2nn3cnnc3c3ccccc23)c1__gen0001,0.0,-0.05004172120243311,1.0,0.0,1.0
